X,Y,Test or train,Raw prediction,Cumulative prediction,Logistic prediction
-641964.6407,995446.7775,train,5.273832804483268E-4,67.0371617617801,0.6177330051971021
-906279.8783,-278305.692,train,8.895706304136608E-4,87.5388815842818,0.7315985970988895
-748350.2392,563714.2054,train,6.259341918571196E-4,75.36209623288313,0.6572931505245886
-207187.4268,750734.2609,train,2.685077039309489E-4,33.60239935177724,0.45137641964517883
-249651.2885,-373874.4715,train,2.0836182961788278E-4,23.863720750817297,0.3896664705672347
-803996.0937,479543.6486,train,4.0619933138275846E-4,53.26572287630657,0.5544960232139741
-790673.2054,882975.2391,train,3.2045632359409493E-4,41.35526359074811,0.49543898891701027
-120729.8306,715153.6093,train,5.255859414955704E-4,66.8787536185808,0.6169265383818046
-731583.8369,-250679.7749,train,9.096996683835208E-4,88.38414208122207,0.7359694840244182
-515702.2813,-28866.6903,train,3.406510944675414E-4,44.96071648628805,0.5107154162028243
-963188.7139,293579.8762,train,7.947467466593337E-5,9.384799853970279,0.19583183076634286
-1046210.918,130695.8065,train,4.4287677760708596E-4,57.932774402439534,0.575737884745544
22306.7576,510114.0591,train,3.459009716625787E-4,45.7413376449855,0.5145363982489647
-1134250.801,1075750.551,train,8.626918764263564E-5,10.020127965269072,0.20907368740026505
-667659.6359,1761358.597,train,3.832855002656275E-5,4.996289008855872,0.10510039603082905
-924206.892,-44733.9462,train,2.3297402334442375E-4,28.25832690820189,0.4165229439561221
-848865.6709,333463.3865,train,2.799916925200795E-4,35.17742918758131,0.46176712640045314
-553185.1797,804199.7926,train,7.041333579147463E-4,79.78636509541158,0.683299605544312
-1001811.628,821677.2898,train,8.665823869063698E-4,86.7425832192689,0.7264264323395768
-334920.4871,269826.6544,train,3.363045506775409E-4,44.16219022224906,0.5075060882090658
-1063728.989,854267.6186,train,8.135515902694879E-5,9.587265470599332,0.19954088688706395
-811365.2338,129203.3991,train,5.796025012501939E-4,72.00672164343605,0.6397667651629394
-983194.3174,779385.5438,train,0.0030742111539386226,99.67541772031397,0.9040287998751889
-603177.8253,-181783.1658,train,2.942359196287255E-4,37.155490708214174,0.47412098416948073
-823482.2241,-180330.2486,train,0.0015412498775076078,97.10576127458799,0.825254101904896
-845286.3132,788267.6904,train,3.72611823915264E-4,49.03306594574554,0.5330882337027247
-939715.815,883889.8808,train,0.0012864602095763737,94.64577270823067,0.7976480836348572
-57558.6468,487351.8555,train,2.1937844897737145E-4,25.753277547232937,0.4019871243692204
-708491.2941,1858893.5,train,4.944120767343373E-5,6.4132830826833205,0.13156333340744814
-439228.048,892149.1729,train,4.098423428094442E-4,53.75591619250388,0.5567005579675907
-561761.0547,643141.9206,train,6.456815464249821E-4,76.95880969428434,0.6642553813148966
-911984.1692,-287850.6544,train,0.001282186666713669,94.60657341192525,0.7971104794406817
-26850.3888,455438.5249,train,7.247023943237541E-4,80.68298575266637,0.6894973757891564
-1166328.52,1065104.725,train,9.253310890603435E-5,10.559337752479474,0.22090090696352346
-1028192.858,841821.2218,train,1.8121487272374195E-4,19.943198983349546,0.3570233847278622
-965677.304,-71176.2844,train,6.462400405633695E-4,76.99445629254926,0.664448175943665
-944866.523,-283.4005,train,3.284592439771083E-4,42.91132170850991,0.5016055498706141
-506382.4218,813142.1482,train,5.416301296857771E-4,68.63429600441815,0.6240074104110455
-807630.2611,564936.9375,train,4.0618454933155727E-4,53.263282501782015,0.5544870333259454
-1083837.937,-188706.3977,train,3.510993468838595E-4,46.31380447418525,0.5182615439204795
-308740.3369,881551.5772,train,3.2457957135019326E-4,42.26277276568468,0.4986350475474338
-933612.3098,-220688.6705,train,2.514153848528486E-4,30.980405547692115,0.4351464014002176
-367136.7702,782297.0428,train,3.1236979956532227E-4,39.9753786504326,0.4890510504103081
-1044154.111,1033019.004,train,1.435345191643257E-4,15.211204621343278,0.3054633807075305
-846581.9762,331210.6688,train,2.9608874626219593E-4,37.46684670362674,0.4756863628922773
-992749.7748,804502.5666,train,0.001416451423342328,96.36031197783764,0.8127409518054071
-966880.5557,978091.677,train,0.0012614207089950476,94.35030703149265,0.7944569616745439
-448590.912,85940.843,train,2.858982035498914E-4,36.0112919371269,0.4669595374151078
-319217.7409,-338896.8699,train,1.9408419779615426E-4,21.6245399473339,0.37292274478147786
-483990.3341,728497.0194,train,4.997574481165105E-4,64.04937305041221,0.6049497286330492
-430256.9789,867771.4571,train,3.528087681815897E-4,46.516016888550865,0.5194740527697999
-1062306.944,297670.9187,train,4.1625088822117685E-4,54.55278295108763,0.5605261384846556
-930223.437,-90136.7283,train,5.061958057343692E-4,64.50353851916248,0.6080047615813517
-528922.8184,164268.7629,train,3.664108610805744E-4,48.211429909298126,0.5289089054022548
-536981.2209,655639.5737,train,5.162579168729673E-4,65.712788693624,0.6126857868178569
-668269.2942,1550290.529,train,3.907613221571187E-5,5.140799294913713,0.10693113260671422
-1001985.613,-126211.9982,train,5.042887672203759E-4,64.23349509058845,0.6071047986394349
-254926.8888,769599.8158,train,2.1111215409133594E-4,24.4442241121959,0.39278965743006694
-484921.4802,757768.981,train,3.724133433701988E-4,49.0096962686881,0.5329556107881596
-391578.3197,885815.2562,train,3.617486175561111E-4,47.72470468936783,0.5257170366871604
23310.53,-478074.6742,train,2.9538187350856837E-4,37.26060971186876,0.4750902552666091
-449361.2965,684124.7799,train,4.2827907321430105E-4,56.19341980493255,0.5675309400571642
-782338.3615,590480.6927,train,7.115984915141808E-4,80.06920841780908,0.6855773638543036
-925068.0776,922613.3643,train,0.0011689719252549358,93.00283182793837,0.7817492496086156
-769607.0012,541363.2221,train,2.8421684045524734E-4,35.79966594282543,0.4654916802277738
-460871.6845,799919.4348,train,5.387405402811989E-4,68.26473197881623,0.6227515234171861
23166.7845,511946.3127,train,1.9450383776556745E-4,21.682642936668284,0.3734279601496473
-508880.0355,844445.8002,train,6.315016801980524E-4,75.97633909738285,0.6592851116505426
-156334.3704,287433.7644,train,3.1797368658445323E-4,40.861387749155064,0.4934948898521935
-457556.7971,90942.1657,train,4.792028312828411E-4,61.26020756679903,0.5948696439187181
-654750.5667,-271267.9986,train,3.0357302366509106E-4,38.5185826615146,0.48191580309672183
-424386.2018,84091.7732,train,1.7512659218213138E-4,19.16884757762904,0.34921729601159873
-863001.9755,1201646.379,train,1.0481665452405401E-4,11.661892916014061,0.24309639317338297
-938074.8298,158929.2051,train,5.728059398214462E-4,71.40693246973139,0.6370438454506065
-500551.1399,327939.5235,train,7.463706677854973E-4,82.04094524958231,0.6957692924197049
-937284.7568,-169428.798,train,2.3122252370903808E-4,27.980842990808732,0.41469009213039115
200409.1987,545148.1306,train,5.158106651948601E-4,65.52576287191292,0.6124800949723794
-639118.4163,855908.0012,train,4.6680266949525957E-4,59.89473611458367,0.5885358817416704
-1027270.761,1285473.407,train,1.7613217834133228E-4,19.266326984112453,0.35051964972263633
-1050293.254,50202.4413,train,8.904732617011131E-4,87.61538392011325,0.7317976943748753
-402940.1711,924193.5545,train,5.272850187664853E-4,67.02850507194536,0.6176890028915306
-868156.423,889355.0364,train,9.588389952624699E-4,89.75536647538267,0.7460646650464116
-908288.9756,347580.6076,train,2.3007979391983878E-4,27.724185750429722,0.4134880659565231
-1049637.038,-146144.5544,train,4.5498058177045956E-4,58.781959904036555,0.5823101891310881
-52891.1094,344618.4678,train,1.7661012689639802E-4,19.33883910250925,0.35113682417950803
-568466.6002,686045.088,train,4.952529965728587E-4,63.390152817654695,0.6027838765207011
-1153901.138,1352785.803,train,7.335766088934958E-4,81.23150613571538,0.692097036767148
-1194500.886,1470718.889,train,7.659882282157214E-5,9.112645922053801,0.19009256388475515
-986574.7624,104008.0795,train,0.001165036731112683,92.78212599468493,0.7811733726238775
-1115774.532,919352.2449,train,6.538353045201208E-5,8.089311648442349,0.16690538240549718
-571879.1747,662822.8983,train,5.858324770981454E-4,72.5028676015026,0.6422270494338962
-1023253.726,858110.2974,train,5.908953285947116E-4,72.86078457806293,0.6442018083094592
-100039.3414,606946.8944,train,3.6651891311853855E-4,48.2242740796082,0.528982370771485
-519026.6984,91078.3408,train,5.309292758143675E-4,67.3017524843835,0.6193141779255732
-304986.1981,840016.6684,train,4.231817473525028E-4,55.43779311533258,0.5645898819590728
-669167.4305,345670.5325,train,4.7274056242283886E-4,60.6351165312033,0.591593369741066
-463871.6805,694392.1593,train,6.264590067590729E-4,75.50314262210118,0.6574819149265546
-779588.2912,-211935.6117,train,0.001135863259409592,92.51708442151681,0.7768074542341634
-719697.2956,-241662.7808,train,7.061917630347185E-4,79.86435244001915,0.6839309539235411
-1048381.906,142821.7433,train,5.648260088518233E-4,70.85730319012013,0.6337938211088447
-659211.1019,1518391.388,train,5.493853644497795E-5,7.041255247049998,0.14408403418265786
-693572.8299,703803.3728,train,5.163059922655284E-4,65.73290353511322,0.6127078837802535
-1200497.033,1035912.971,train,3.7113481495425516E-5,4.848961086837916,0.10210877579282246
-1205218.079,1016545.927,train,8.070853542946273E-5,9.502019010779543,0.19826935623831565
-1073330.694,941706.5578,train,1.0196502510698648E-4,11.422013460128623,0.23805716881381228
-71255.7567,220944.3403,train,4.8188746359088515E-4,61.684790597452604,0.5962153093418999
-840728.2564,924496.0883,train,7.058007567063375E-4,79.84953827881283,0.6838112192720398
-619293.4831,318880.742,train,4.982120502422897E-4,63.79860172884573,0.6042093295465208
-1002988.375,86363.1151,train,0.0015198087285787983,97.00329037132987,0.8232246233752214
-1115193.7,903251.2307,train,9.269426162593606E-5,10.57243715323731,0.22120052202190704
-369495.8097,-511012.3102,train,2.413041915131469E-4,29.442272015815497,0.4250852092577061
-1041991.035,77273.6746,train,4.920061431386869E-4,62.95169728125543,0.6012079218472536
-982666.0391,125420.0378,train,9.78986575018393E-4,90.20286292911337,0.7499840807590896
-997778.8631,-45665.2082,train,4.4664718570752476E-4,58.283817770981926,0.5778072683861659
-689082.7465,1842244.892,train,4.315923419768769E-5,5.690212808987004,0.1167994285480653
-890509.0999,165949.3185,train,4.397620901455678E-4,57.68388558225972,0.5740130293569838
-800895.6771,1184417.148,train,3.7693856180255207E-4,49.59788170684066,0.5359607188828093
-937646.1181,30070.0401,train,5.175357515763394E-4,65.89681846072472,0.6132722639464335
-913264.8963,116664.2181,train,3.1193161405773954E-4,39.905172340314984,0.48870028341800764
-949474.5586,484593.4379,train,1.3109181396277336E-4,13.881061979005416,0.2865718187279986
-708490.9357,1815330.527,train,3.861347118507673E-5,5.049518067986974,0.10579901730536027
-978290.0871,-120999.901,train,7.826034810419108E-4,83.89369248407847,0.7057093569449805
-79496.3023,-421130.417,train,2.455905133432349E-4,30.03785494578195,0.4293937719042676
-419988.5362,855301.8808,train,3.9741031022706767E-4,52.08442754673267,0.5490860714596383
-211950.4752,351407.8073,train,6.325937187210653E-4,76.0889279780054,0.6596731127698063
-675817.0898,1785451.132,train,4.195641682292136E-5,5.536761395819978,0.1139151180706181
-1027096.492,-177598.0983,train,2.3695511546673384E-4,28.891085511625416,0.42064655081799235
-656204.4059,1307428.749,train,6.600955172957583E-5,8.150236274464074,0.16823458728447463
-478690.7839,-220516.2559,train,4.251373402362245E-4,55.68003415635731,0.5657229382916561
-1058909.648,160329.7497,train,9.9628334655798E-5,11.231835020231987,0.233877620339215
-888234.36,807398.6807,train,0.0012196431830400107,93.60033359773412,0.7889025755054396
-1087534.66,-28339.2633,train,9.277178614875194E-4,88.80604277104649,0.7397630011565186
-697823.3205,1773899.979,train,3.8153349028652225E-5,4.975045763478204,0.1046702642358707
-1119828.42,-85577.1752,train,5.643297516900666E-4,70.80429832163091,0.6335897846983508
-814819.7872,-186653.7619,train,0.002234010004754601,98.5798724845163,0.8725352186111781
-575610.74,154817.1038,train,3.9389504662358835E-4,51.68046377444268,0.5468853386941784
-662374.2328,1746885.454,train,2.934645702253218E-5,3.8546375637771164,0.08250269240685876
-747350.445,1826247.106,train,5.35566431028072E-5,6.891470037240761,0.1409707321203012
-915846.2211,63248.6572,train,2.416092911718581E-4,29.492236134605122,0.42539404174209916
-906333.845,-55151.4167,train,4.61814863605147E-4,59.34869936422399,0.5859320025881399
-555325.0694,-71580.249,train,3.919832311118683E-4,51.444025846851076,0.5456794029481178
-475552.7914,-735.8399,train,4.948326298986575E-4,63.3204243086168,0.6025805416232346
-719222.5711,1789942.637,train,3.6979107265147075E-5,4.832668116019919,0.10177670423667569
-185252.1879,737748.8379,train,1.7498671089953804E-4,19.1552891395709,0.3490357191885296
-410721.5223,-289229.5913,train,1.6247182954376508E-4,17.60073624738699,0.3323698691060996
-809783.5471,-134931.8426,train,5.15609298981395E-4,65.50477366112908,0.6123874149490595
-240368.5316,-155179.2389,train,2.62440141597858E-4,32.65193398382611,0.4457228422162835
-369766.0081,884775.9308,train,4.205192578328991E-4,55.12145087071353,0.5630377164712974
-845452.749,848115.7496,train,4.0935740965060077E-4,53.69425256080484,0.5564083647972617
-1060052.517,58948.7255,train,7.587557980508533E-4,83.17684493806152,0.6992416857607551
-217273.8864,-396165.5426,train,1.5664559565379624E-4,16.654841541137838,0.3243165525567667
-1118293.217,863405.2128,train,9.125115609389284E-5,10.439646634414684,0.21850926470558146
-541856.3981,-240829.0256,train,2.310434096408039E-4,27.939853958948557,0.41450200952628863
-992098.2155,-147705.8159,train,2.2036326599370967E-4,25.949349873529247,0.4030643365397214
-998175.2867,794541.8034,train,0.0012385147904171337,93.82186755935881,0.7914483104627145
-344363.9051,-320200.6792,train,1.762067401303313E-4,19.27763914985596,0.35061600856207453
-788576.8906,371002.4411,train,2.1299357264578585E-4,24.75723766016577,0.3949077931734551
-1007181.022,683735.6127,train,3.827649254859314E-4,50.325683036801586,0.5397734105739339
-480102.6414,772554.1998,train,4.927165151406702E-4,63.008039097398246,0.6015537893086143
-1027711.701,-11593.198,train,0.0010517285948595417,91.92299365383371,0.7631811338051674
-595654.9906,300788.0888,train,6.279793624047843E-4,75.66174493242184,0.658027581593176
-157494.0894,997514.9876,train,7.887571318802568E-5,9.327897989625221,0.19464321430873247
-695068.9108,1714420.705,train,3.522422210500935E-5,4.594775298565152,0.09741729469945788
-1115717.123,28512.9859,train,5.975247732518609E-4,73.4407122020152,0.6467548898828233
-1204151.492,1005163.443,train,3.8238795546033417E-5,4.985406214371999,0.10488009358666904
-690922.5671,105298.7852,train,3.6397403575362427E-4,47.945812944374744,0.5272459822909317
-875176.6945,847082.1399,train,3.852570951537576E-4,50.603589632487015,0.5413851878774815
-477252.9133,839931.9317,train,3.2603038746283324E-4,42.53343910902843,0.49975001213780684
-1042205.608,-42425.8428,train,6.558454627208841E-4,77.51162144982308,0.6677296972951627
-768836.421,282345.6717,train,3.2660191192332736E-4,42.617282197563824,0.5001878732185414
-914860.3672,864131.8351,train,8.828322759685726E-4,87.37525315478395,0.7301028970685243
-646494.0276,1568587.399,train,4.287538694837545E-5,5.654000527351982,0.11612046766343574
-736584.8724,-255954.7715,train,6.508154777692017E-4,77.25771638092205,0.6660193386795135
-391017.7215,-298974.4062,train,2.645306886238484E-4,33.013972839111126,0.4476838634711382
-758191.5258,-249913.7016,train,8.93981502265418E-4,87.86189104308764,0.7325687251516697
-887305.6359,236376.5892,train,6.758649914186814E-4,78.58391816041615,0.6743668473516011
-689743.181,1743209.253,train,3.380889880326408E-5,4.421598745878357,0.09387046286080031
-221875.0677,-451155.2001,train,1.8630714994574511E-4,20.57262825905239,0.36341005707491125
-1051582.115,-200210.236,train,4.8433973554452993E-4,62.12112450991709,0.5974367160159186
149975.122,-240790.1223,train,2.021593190898377E-4,22.86828161026179,0.3825037716680065
-682890.4736,1007557.302,train,7.463779760937177E-4,82.04153324460343,0.6957713650776605
-742665.4538,123949.9975,train,3.764033067718897E-4,49.50896746361524,0.5356072847019693
-561550.1045,317835.4157,train,7.153032455039463E-4,80.28352298319629,0.6866956353896676
-1026914.855,-41266.5211,train,9.535468210736298E-4,89.48740967254808,0.7450146873373195
-409314.8208,630463.1539,train,3.494321046820491E-4,46.06669602308861,0.5170730441421874
-871182.7238,1024167.748,train,0.0016277149258911048,97.58504403592954,0.832986374036829
-342656.7316,907169.6565,train,2.2090937521611768E-4,26.043695625544512,0.4036600105018364
-996352.535,846986.4605,train,0.001042594290047467,91.63316767369083,0.7616009633403646
-608403.4455,975866.0849,train,3.9629217774840656E-4,51.96920784343975,0.5483883860162333
-644156.7415,42652.9738,train,2.4185053869752666E-4,29.528959449767267,0.4256380060725998
-940237.4109,-176154.9536,train,9.522204060785768E-4,89.2780669317476,0.7447501617359223
-318093.1916,-518708.4751,train,3.2956150701582545E-4,43.14906339264617,0.5024430962112808
-202026.2834,-120297.5715,train,2.2077567998656357E-4,26.026531995465728,0.4035142910482602
-56140.6342,407053.0286,train,1.8071105984755553E-4,19.891694100471646,0.3563845352294485
-603261.2052,1294912.716,train,4.439692830800707E-5,5.844425099559047,0.11974783541393894
-413038.2696,74144.9779,train,2.184005863751762E-4,25.54883060725747,0.400913665443303
-1023999.18,116467.6684,train,4.87142566147482E-4,62.43708197226124,0.5988237078990476
-729871.6852,344919.1934,train,2.657015698564864E-4,33.291329120403155,0.448776149110943
-879668.7673,886310.8836,train,0.001316574867048983,94.96430703803549,0.8013571603078161
-978170.7063,880083.3877,train,0.0012809759813181831,94.59163271097866,0.7969576576864121
-823439.1771,893404.0373,train,5.810013126868152E-4,72.23185698594136,0.6403221120454385
-1120080.99,769973.1626,train,3.0565046090793816E-5,4.023181920208594,0.08563517907656759
-475577.544,161061.0478,train,2.5579172213173544E-4,32.013195407538824,0.4393927247423543
-785239.346,372997.213,train,2.015413071494205E-4,22.765211885234084,0.38178086660941213
-542146.0328,793247.8,train,3.4610690722412476E-4,45.781884360329705,0.5146850668734343
-920073.4763,786158.2764,train,7.8503632977892E-4,84.01755867208192,0.7063535617285164
-31962.1237,-449063.826,train,2.916374737428694E-4,36.75505924777928,0.4719098493053047
-829523.2276,1034113.36,train,7.33545574142589E-4,81.23026893987095,0.6920880211312571
-419817.9493,357116.604,train,3.144745228324055E-4,40.265096315326524,0.4907291933137048
65279.9217,-502362.3049,train,2.7488312071607496E-4,34.44331867649802,0.4571939065233958
-537000.5724,853950.5353,train,6.272527709384403E-4,75.58594747967024,0.6577670197136424
-912294.607,-45882.8173,train,5.294220859173258E-4,67.18928089407375,0.6186437173756468
-981684.3812,966616.5874,train,4.0203526547083344E-4,52.71802986149575,0.55194916883492
-992548.0792,701907.5605,train,6.238789046704245E-4,75.12927828093811,0.6565519016247889
-319497.1438,917577.8639,train,3.396631418950413E-4,44.74225126033239,0.5099896269233651
-552957.1419,842860.9055,train,4.816874725328231E-4,61.63452965461728,0.5961153725516349
-605616.2272,143970.9188,train,2.9474334949012025E-4,37.20203753910558,0.47455061990093705
-1105550.424,57683.8701,train,9.063772511666042E-4,88.25610902898516,0.735257879036795
-1048818.718,33256.5551,train,0.0012407638321932496,93.8483110550751,0.7917476119478196
-628762.9404,-175487.3596,train,2.65606966276666E-4,33.28154141588575,0.44868805626938724
-249430.0767,341190.4814,train,5.400744573923997E-4,68.46340758627353,0.6233323177158938
-655304.4543,1720307.874,train,3.060639707012643E-5,4.029073596657341,0.08574110009588677
-620592.5165,895683.5708,train,4.045002733122398E-4,52.99871970608536,0.5534603386757424
-942943.0665,855082.9927,train,0.0010149311896890754,90.70361543803033,0.7566841537647145
-414873.8706,-274275.1192,train,4.04555970523664E-4,53.00444893427774,0.5534943660219895
-929438.3932,983429.5581,train,0.0010181547139615594,90.87815536774279,0.7572675140893416
-1075506.983,-37757.6914,train,0.0012066117784915082,93.47037520012596,0.7871080857827837
-1036964.88,-46717.24,train,6.427373244630764E-4,76.77089098526827,0.6632353494164723
-634938.9877,856024.1293,train,6.142717278971574E-4,74.50973443016841,0.6530440690217397
-1048467.828,-93113.6098,train,2.1512352071255414E-4,25.062076823144906,0.3972879637649699
-812446.561,890816.9756,train,7.475679666778864E-4,82.1208086922986,0.6961084736921662
-934244.0866,-164004.4946,train,2.6998090776258674E-4,33.808211350156675,0.452731750137531
-903351.5803,644686.8692,train,5.773666853235773E-4,71.77509411551056,0.6388755463043274
-152920.5484,-425982.0012,train,2.199306437861065E-4,25.86321687496714,0.40259160421078977
-864300.4518,616690.9066,train,5.554595464518355E-4,69.79655899774005,0.6299040572904189
111625.7836,-213260.5615,train,4.24533171962853E-4,55.59970216678397,0.5653735175850118
-460781.3419,874438.6674,train,3.9467807022194586E-4,51.782059152926735,0.5473774086380928
-1151012.18,-54899.0558,train,3.5402873610577355E-4,46.627999873482196,0.5203356619805196
-111659.5227,286344.7092,train,3.687542924652761E-4,48.47098385185714,0.5304970976224099
-778102.9364,1142800.224,train,5.603445442196154E-4,70.39909919242037,0.6319429831866364
-989598.6643,-218461.4736,train,3.1888533087697787E-4,41.00807974216763,0.49421051680648515
-948889.1751,791906.5294,train,9.418725984628464E-4,89.08799348070839,0.7426675127193373
-653160.4752,1291020.005,train,7.634592717208778E-5,9.088796018453488,0.18958394506314838
-1278124.824,-51141.3803,train,2.0214861809145224E-4,22.866496937686744,0.38249126880833256
-13960.0312,-76090.5061,train,1.699183377192409E-4,18.559089380291837,0.3423875290756708
-873402.6483,-112095.3489,train,8.355935460340902E-4,85.6308724428328,0.7191303120725875
-1007110.278,70051.1706,train,0.0014772019428819332,96.79966528436373,0.819048528973519
-39193.06,-436020.7495,train,2.5353195318146397E-4,31.435391947925098,0.4372080929140273
-446393.0057,175743.3239,train,3.06433871207305E-4,38.94593190413704,0.4842580633717272
-386125.298,357182.2883,train,4.3619558863943516E-4,57.29268218548895,0.5720206631103778
-1075227.888,1052806.417,train,1.7942514769220285E-4,19.758530444231393,0.354748191074281
-969529.1663,-191358.6483,train,3.6205530498769874E-4,47.77065210831183,0.5259283297083649
-1122907.957,-17236.2979,train,8.437621935475943E-4,86.03511925596753,0.7210910749959636
-921150.4268,-106494.194,train,1.9545956082349492E-4,21.805182908182914,0.3745755470412473
-44839.6963,177084.6674,train,3.95131217696063E-4,51.83459961569024,0.5476616889667334
-1083249.61,109747.9745,train,4.7450382733559807E-4,60.873117920790385,0.5924925640177138
-892751.4381,-205548.2915,train,3.9197210678056115E-4,51.44280851402487,0.5456723671537257
-693864.2022,1089725.613,train,6.144767241691411E-4,74.51888075938241,0.653119666551296
-954958.9621,805365.8461,train,0.0010746467228756945,92.14861941890055,0.7670551040796609
-154467.1472,673663.2128,train,3.1918115080724037E-4,41.07158233980732,0.49444229661726663
-442285.5195,-244032.9099,train,3.0355242137452594E-4,38.51441993776257,0.4818988582342243
-977888.0768,27153.3998,train,0.0013268663370313064,95.130596131922,0.8025937308992698
-490547.9525,81558.9949,train,4.972589107148983E-4,63.66832206774322,0.6037512957386838
-584511.187,669054.7567,train,7.523321008014126E-4,82.69204000417922,0.6974506403766758
-949814.4216,92346.3673,train,7.529528228088192E-4,82.79217841550901,0.6976246396469021
-563467.8486,-206035.5597,train,2.991783956231886E-4,37.91045582268805,0.47827605874552187
73720.5041,-486732.7955,train,2.3528205766051044E-4,28.64534523535307,0.41892072255150176
-883119.2246,210589.7092,train,5.481990510126703E-4,69.23058447027111,0.6268315484018085
-908328.6395,154735.6286,train,8.446200576555309E-4,86.06396538908602,0.7212954052545648
-964142.8752,753160.4754,train,0.0010130595730263566,90.53941293811276,0.7563441593603213
-730753.711,931835.4261,train,7.515540067746025E-4,82.56651344191748,0.697232243919975
-563253.0165,78459.2383,train,1.980683566254943E-4,22.165702914626674,0.3776867734909207
-583358.2964,-252800.0398,train,2.1450407188091321E-4,24.97309916218332,0.39659767639492877
-850437.1344,790465.3545,train,8.342247056388112E-4,85.51292359676887,0.7187990420578655
-649677.4372,-245074.7255,train,2.7548665891079905E-4,34.52694092907568,0.4577382413213484
-893729.6767,1025328.379,train,0.002256588580727921,98.80551711115072,0.8736494402024328
-847896.5266,796248.355,train,8.308740240724254E-4,85.3097950253441,0.7179848440276363
-959956.6321,253088.8147,train,2.0631532974194641E-4,23.469104298379946,0.3873215984154388
34691.6558,-104199.8426,train,3.4123646874906265E-4,45.06680862151657,0.5111444419672897
-950964.5466,972696.2091,train,9.608568964617776E-4,89.82791687565663,0.7464627469747398
-350105.8527,255407.1936,train,3.2000965080327683E-4,41.24943344620879,0.4950903109239274
-54581.1778,-433133.178,train,2.096435387182654E-4,24.150921980386933,0.3911259293124234
-51426.6504,401790.6942,train,1.5088847321143077E-4,15.912593045594484,0.31616561954139744
-522746.0275,-222313.3281,train,3.925546963338464E-4,51.50656114488785,0.5460405440718844
-655539.53,329845.0378,train,4.0906374545254034E-4,53.656931448302785,0.5562312321019193
-413923.432,659763.5338,train,3.5957243993848273E-4,47.40702006460667,0.5242123270720264
-175676.7659,311534.658,train,7.608889840550512E-4,83.33927238015583,0.6998317764050247
-1069596.399,-58440.0216,train,0.001159869318299849,92.72795600272158,0.7804125410903127
-558290.3842,886385.3659,train,7.497476146679686E-4,82.26601307584578,0.6967240056889489
-764368.5923,383493.8755,train,2.640366827327782E-4,32.92608590460146,0.44722171823797535
-1514085.531,-7063.4776,train,1.8303694845285545E-4,20.136982639778733,0.3593232806902177
-980945.6849,-303408.6807,train,0.0028355343532138816,99.36800002996273,0.8967843693748148
-917319.9733,889083.2465,train,0.0018815154533904648,98.02287620132033,0.8521850168992788
-1022704.976,916419.6811,train,4.0784131546588306E-4,53.500499705262285,0.5554923628360464
-1180267.357,1399959.42,train,3.2007616411359183E-4,41.26371590983142,0.49514226252432253
-1094152.698,-200117.7882,train,6.386897279659752E-4,76.53703537253391,0.6618228913511541
-342396.6793,877630.45,train,3.330359232043191E-4,43.71744858540743,0.5050647817656014
-592854.941,684358.1136,train,4.92709807303019E-4,63.00708992283928,0.6015505261878414
-356554.2976,-313477.9456,train,1.5485307425187138E-4,16.40826492021042,0.32179960995749834
-726002.1188,1581909.429,train,3.587470633000828E-5,4.6888311427900335,0.09903812607945933
-321235.6462,-201546.6276,train,1.918826628151361E-4,21.33807060094072,0.3702588543640873
-886839.0103,793727.5549,train,0.001332504414343731,95.26396491679304,0.8032646682598671
-1083473.687,10762.6226,train,7.394934177373009E-4,81.52126574858546,0.6938062857282793
-743104.95,1863102.379,train,6.701572849226061E-5,8.248157775178683,0.17036209612001665
-835400.948,-162104.1968,train,5.773166115400985E-4,71.77115737367325,0.6388555358977217
-536541.2045,320387.846,train,5.357610555860504E-4,67.91796824072064,0.6214477499699511
-634384.2242,-275126.0305,train,2.4945063162281993E-4,30.55486509573628,0.4332190237316947
-326560.1988,914903.95,train,2.2695250005362486E-4,27.099380794004247,0.41017311001362805
-175750.9093,945735.7768,train,9.163748291051709E-5,10.480307499862496,0.21923154969844955
-1289009.458,1423562.93,train,4.597804933103475E-4,59.169272220514735,0.5848604748882973
-866992.7598,1052087.552,train,0.0012517839567538506,94.09839609012438,0.7932018343219328
-908620.0501,-236809.9607,train,0.00137138534491716,95.9922881105903,0.8077702133781132
-77867.9333,325108.1948,train,1.801728552151793E-4,19.836673342041045,0.35570067204063005
-823459.4227,352423.5301,train,2.356197772051113E-4,28.695930345164673,0.4192699220002743
-247298.4005,-367987.3842,train,1.344183010494887E-4,14.230972825698792,0.29172229416977274
-966259.3864,692480.3075,train,8.350966618553576E-4,85.57127995936601,0.7190101525164577
-893157.1524,-89613.2167,train,4.7178422525313705E-4,60.47918530198595,0.5911040144223189
-814768.0813,708618.4055,train,3.396451713671464E-4,44.738003387020115,0.5099764051183818
-924761.9,316305.1448,train,2.500722806072393E-4,30.72130929329012,0.43383026798310254
-722851.942,1011169.394,train,8.485392719828625E-4,86.31798677907874,0.722225107281197
-368418.4149,928511.0796,train,5.535868299246117E-4,69.51934772552458,0.629116410275295
-552804.1967,409709.0491,train,4.103350928051336E-4,53.868248746646195,0.5569970670915995
-1074482.239,1799442.432,train,2.515745114923405E-5,3.236200811236476,0.07156884216887653
-294285.0656,-349163.9558,train,3.11115409860853E-4,39.77488870519908,0.48804562722772504
-229800.7144,-386345.8197,train,1.950065884891849E-4,21.752253369566386,0.3740321638496276
-459419.5062,672490.2983,train,3.7197460591874775E-4,48.953717844789885,0.5326621828652188
-470487.5895,887091.8502,train,6.291180182267882E-4,75.77547508829605,0.658435116123113
-575174.2326,36731.0206,train,3.4124257508304847E-4,45.06767426785949,0.5111489133860326
-1147905.392,883967.597,train,5.6301062249676905E-5,7.1420676913281556,0.14713168698433085
-967173.0479,-77895.109,train,7.280552387739656E-4,81.01139751657783,0.690484719630087
-16580.9626,509674.8351,train,2.143274275350468E-4,24.947856159649454,0.39640054163562577
-305470.9915,344266.8373,train,5.324397154071904E-4,67.50919646757438,0.6199837231380263
-634053.9151,-161803.059,train,4.661548896303921E-4,59.843878549222445,0.5881995608350998
-944043.5181,53474.7993,train,6.920812143993595E-4,79.34346669854875,0.6795517883657031
-279095.153,349215.2521,train,4.6997470838384134E-4,60.2640551757477,0.5901748732365769
-494473.7579,674708.6756,train,7.380141970626287E-4,81.44333726479462,0.6933807497320779
-946262.7997,-196094.6686,train,9.375493887218509E-4,89.00187867942289,0.7417873029914531
-573766.8275,-247427.6671,train,2.5155985290170607E-4,31.007118822372387,0.43528760399411814
-1169609.266,2078873.27,train,1.2224427866379352E-5,1.2599144212091271,0.03610488515378716
-826724.5299,976316.2759,train,5.89674792419924E-4,72.79062059170846,0.6437277365865685
-1004436.017,913520.0476,train,0.0010351856181960272,91.43780899633944,0.7603037429868738
-167036.741,-410006.819,train,2.1067791167755104E-4,24.35201270861268,0.3922986712900078
-1017193.74,-153348.3219,train,5.892556984800083E-4,72.76652057603395,0.6435646636871596
-926080.1016,972280.2681,train,8.786125337447206E-4,87.27276826460088,0.729157730754778
-39031.4903,63895.7619,train,2.1178081538605567E-4,24.56500941600456,0.39354414516600855
-1016593.415,846453.4988,train,7.150623726422532E-4,80.26959192350922,0.6866231702979073
-1004559.571,763590.7101,train,7.949799843206353E-4,84.37421191283937,0.708957524598611
-387659.4925,214465.82,train,2.666847696327549E-4,33.393051157877515,0.4496900199241981
51673.0508,-113736.6037,train,3.059657811417562E-4,38.89639692880306,0.48387627443392245
-431350.0122,664631.0218,train,3.710751196527206E-4,48.83895257156381,0.5320594515048626
20115.0451,-477134.589,train,2.2605896308032064E-4,26.943251827745083,0.40921905983371
-736451.9047,1026176.263,train,4.056398166107945E-4,53.173076213620895,0.5541554941318532
-1022617.261,999120.9713,train,3.090117415522713E-4,39.42332039434758,0.4863505754315282
-958960.217,130220.1979,train,0.0011371045726878974,92.53697498379893,0.7769967669965756
-1027340.618,-11449.2832,train,6.268649442042662E-4,75.54548969848094,0.6576277791512176
-789874.3532,-108809.6373,train,4.692344475011538E-4,60.1447715057173,0.5897935497861112
-890886.1153,162341.8355,train,2.589319580423334E-4,32.2740362715687,0.4424005388851106
-524415.866,857763.2306,train,5.519372292783015E-4,69.44373760111628,0.6284198212600585
-64695.1388,204346.121,train,4.7235540802292674E-4,60.547132980570375,0.5913964281452339
-666487.1686,1759740.433,train,2.9468265997105147E-5,3.871416648170622,0.08281677786814083
-194248.8814,713210.8456,train,2.7280167911260597E-4,34.17561638396347,0.45530822908093715
-797033.3392,985147.7187,train,5.98952118132384E-4,73.55832182501082,0.6472997919340318
-133154.4283,731653.5082,train,1.9118375875801442E-4,21.25020458499393,0.369408430500805
-1166214.896,1391368.414,train,4.6505584498132517E-4,59.74460440011351,0.5876276882394957
-736142.7427,654554.9796,train,4.0135589873950783E-4,52.593575086688034,0.5515308843561445
-657806.7715,1269409.804,train,8.766334682030243E-5,10.121386264830262,0.21173703074635986
-707463.8263,1880320.009,train,6.422895331998057E-5,7.970313308273142,0.16444274119396635
-1032588.107,924422.9078,train,9.987778606323438E-5,11.256376720863502,0.23432598942385688
2331.7165,-80589.9119,train,2.629417055658392E-4,32.73301045797003,0.446194598989478
-1109371.501,849335.9659,train,6.874595352236643E-5,8.432434046607005,0.17399522979938542
-1146583.161,-74271.6271,train,4.7827653643419684E-4,61.182777846612275,0.5944032572374456
-866765.9609,877431.6622,train,7.857378862012573E-4,84.0525883791474,0.706538806376059
-108759.237,-424004.2168,train,1.677887775628486E-4,18.253637742448266,0.3395534938323661
-600657.1815,404398.6632,train,2.834234543777954E-4,35.68487309051105,0.464796230318557
-637615.135,-81353.6666,train,3.998721985562726E-4,52.35540199796594,0.550614652801635
-1171964.0,-80246.809,train,4.1753753225517233E-4,54.816669777805444,0.5612862553131457
-1222403.667,1394618.081,train,4.8673093781559254E-4,62.38241475097976,0.5986206110277777
-1028386.724,-165605.0569,train,4.63016158319724E-4,59.529977640926376,0.5865621455890409
-265976.2026,350186.4304,train,5.243967244416665E-4,66.77392267237859,0.6163910629401536
-772704.9002,883339.1028,train,7.275797569545704E-4,80.84386861845596,0.6903450822672207
-968203.4849,978715.1596,train,6.84848075877822E-4,79.14247401811927,0.6772596249303338
-865806.7964,915247.9528,train,0.0011953138151896015,93.35770878212698,0.7855274247767925
-1074034.449,-195477.0179,train,3.3173809488091556E-4,43.47017440526338,0.5040887201387054
72961.8969,-182121.1881,train,2.616541643034105E-4,32.524882856035816,0.44498195563196996
-914435.8214,42980.6387,train,3.1394566562728223E-4,40.194535488242174,0.4903085614268407
-922515.3263,165181.0957,train,5.608853439868843E-4,70.4804621452661,0.6321673246508924
-1102758.361,1051352.338,train,1.2590782202386022E-4,13.414257024119472,0.2783942879606289
-421615.2996,-252844.3039,train,2.785060599277601E-4,34.97790679662795,0.4604451463901362
-985699.6907,-4652.4023,train,4.225913177386304E-4,55.375633509342464,0.5642466283979625
-150003.7557,-112135.3315,train,1.4798726464784257E-4,15.592448070430956,0.3119831130213722
85549.0851,-194058.3792,train,2.169374610152985E-4,25.324523952257664,0.3993002878490189
-102363.8395,687270.4434,train,3.693130307242906E-4,48.55093897933318,0.5308741864528699
-1133842.636,-247469.9873,train,2.4334774096323916E-4,29.694805349563126,0.4271474489002071
-695908.3322,1352564.019,train,9.296208142393668E-5,10.594207054899737,0.22169794306579127
-524290.9582,807856.9339,train,4.8325307914225124E-4,61.99672502187579,0.5968963964026661
-414189.2555,210396.6386,train,2.63607819142512E-4,32.849788218779025,0.446819886390378
-533654.8357,-59799.4508,train,5.596735980556674E-4,70.29817428895383,0.6316642720842232
-874600.3896,-293001.2702,train,5.095602898326348E-4,64.91644725023711,0.6095825043179286
-888558.3947,309424.1124,train,4.054728273795532E-4,53.14542324155036,0.5540537610885334
-788099.4539,-100229.0939,train,1.654517270803224E-4,17.986442169003126,0.3364150822796192
-364493.793,360344.4069,train,3.749176046153708E-4,49.283433131190925,0.5346234337512519
-103185.1452,259105.9123,train,5.457796096500332E-4,68.97099090969142,0.6257963210907931
-618573.738,695927.2366,train,5.423361485190478E-4,68.69954755604648,0.6243129935536892
-720321.4845,699577.3915,train,4.886175000425466E-4,62.632720754373636,0.599549753716237
-645016.129,904976.1243,train,5.721077058462862E-4,71.34792042063233,0.6367617771182372
-759325.7547,979514.1625,train,6.901900211574416E-4,79.29674376470584,0.6789556233690182
-116421.0017,579523.3593,train,2.4391391524810623E-4,29.75752077944552,0.42771618670906947
-607512.391,956742.5802,train,4.7945444203841887E-4,61.291183171372445,0.5949961439964012
-434666.5389,839115.3113,train,3.4137074651198284E-4,45.085844110678586,0.5112427492097552
-534703.0319,887853.3623,train,3.82195705825063E-4,50.267208967863915,0.5394036848191734
-612996.942,-57639.9646,train,6.00684945462979E-4,73.69561821083683,0.6479590596723995
-241071.857,348360.3097,train,8.447711989993443E-4,86.07376198960984,0.721331373821162
-47327.2559,-83194.48,train,1.571759226646586E-4,16.75746921128486,0.32505762620132533
-1044204.423,1288815.773,train,1.6985510466941434E-4,18.550209083958,0.34230372846259843
-806149.519,416675.6993,train,3.460156268199592E-4,45.76391213379234,0.5146191811277483
-1237437.179,1395858.207,train,5.487630442431063E-4,69.298247523901,0.6270720463614774
-489777.8974,751804.3992,train,4.6887284030345194E-4,60.08650308351634,0.5896070204601924
-425604.3987,850194.2826,train,4.614127303961514E-4,59.28596000616021,0.5857206329733389
-177786.0288,-435990.4278,train,1.9903888271770187E-4,22.338006720790748,0.37883632898547115
-1043355.246,782324.6511,train,4.078981648428987E-4,53.50862823500932,0.5555267786609922
-790100.306,376607.6446,train,2.283781706991635E-4,27.373595278001225,0.41168896764563373
-1075988.534,1361330.92,train,8.350039758161289E-4,85.56016533989973,0.7189877272358415
-461834.9979,354390.4852,train,5.946756068516877E-4,73.16046450946095,0.6456621440163717
-267643.4567,648284.5534,train,4.584922913762202E-4,59.07717933004871,0.5841790907787742
-30238.9157,477694.96,train,2.917059697942899E-4,36.76207230534898,0.4719683742733692
-436031.5842,350404.9937,train,3.4379922702648875E-4,45.40037321168922,0.5130138858227773
-312410.0044,-279836.6121,train,1.6020494628196975E-4,17.310486072215276,0.3292593896839013
-659532.7381,1345501.867,train,5.8050822646997074E-5,7.281117565149475,0.15101380591805547
-790466.1747,961594.2114,train,5.133395750957657E-4,65.26820243058759,0.6113396864904609
-503290.5713,874096.9148,train,3.1479224386620196E-4,40.33158125727076,0.49098156225663886
-973662.3632,-19927.4029,train,8.593213229129827E-4,86.53348593678042,0.7247510741316178
-49161.5609,351906.8527,train,1.2367495844854085E-4,13.221115651476147,0.2748139896352071
-99091.9119,-102308.0826,train,1.4104813792485343E-4,14.89530616851505,0.3017687605867826
-623997.8659,1291132.15,train,6.280030388050115E-5,7.791291583908845,0.16137529332245054
-769987.4173,886631.9427,train,7.477202057217607E-4,82.13095059439388,0.6961515471080182
-675199.4611,706124.0953,train,5.556009005838117E-4,69.81695469481697,0.6299633737458774
-880837.9129,949805.944,train,8.370950691796073E-4,85.81094766005575,0.7194927958448997
-956247.0519,927414.8203,train,0.0012586355656185068,94.27750853771235,0.7940957820694907
122396.1757,553990.0035,train,3.880592721005926E-4,51.05485483637984,0.5431840279746424
-704607.3023,133738.2279,train,3.7038374379968277E-4,48.74607968490172,0.5315951138000485
103362.1251,544800.7932,train,3.7998520167214865E-4,50.00707210890418,0.537962243699
-785220.8875,308846.7439,train,1.421892647231192E-4,15.007232384255765,0.3034692780772021
-516727.1562,398309.1303,train,3.101566524770964E-4,39.63767536969087,0.48727448843361054
-565730.867,930023.0248,train,5.186359849889596E-4,66.00891909244429,0.6137758077667279
-247177.119,739099.6732,train,2.886258587690577E-4,36.40023631566974,0.46932375229891615
-972294.0743,242483.4098,train,8.241984986676737E-4,85.18286932789763,0.7163485908855657
-646087.5529,59458.1352,train,4.3768954916189836E-4,57.471044694090715,0.5728575029578771
-674633.3938,-242350.8894,train,3.4263150849874797E-4,45.26457229778145,0.5121638516731153
-689536.6225,-264794.4561,train,3.670020279965832E-4,48.28170175123074,0.5293105640422782
-360770.5278,-103088.074,train,5.076248383702349E-4,64.64568981811134,0.6086764480080178
-388060.2337,-48684.436,train,5.558770982159747E-4,69.85680335143749,0.6300792197447713
-912512.5623,1032445.088,train,0.0013330268412974377,95.27096598083791,0.8033266068327436
-31697.2598,386508.2853,train,1.9200688694398426E-4,21.35368765850958,0.3704097697978581
-970292.4224,887204.8042,train,9.401382154068204E-4,89.05344598910595,0.7423151124468897
-334570.7269,212683.1464,train,2.1898943780406327E-4,25.671947609826667,0.40156054438300465
-784689.7267,-280780.9121,train,0.0014493904070149478,96.50524906487367,0.8162144887607756
-669146.2655,864758.3045,train,7.51139922866408E-4,82.49762018496331,0.6971158897071188
-969541.0606,-231542.5492,train,9.549925407351983E-4,89.60222593052168,0.7453023819852872
-1107884.849,-113.9903,train,9.643501836116947E-4,89.95351237914474,0.7471489434550024
-793527.9798,-208865.2352,train,0.002179884247892724,98.35648896756267,0.8697824393370829
-706813.8912,-217452.6038,train,0.0015526345236913446,97.26104483382835,0.8263128723449142
-149352.7887,997089.0767,train,8.358307595594775E-5,9.824485476774028,0.20389117710167537
-616878.7093,65841.0923,train,9.12503367480517E-4,88.4921857522922,0.7365670189835778
-979678.9554,172831.467,train,5.441053647686789E-4,68.84346873442061,0.6250765784202655
-1361209.868,1414632.881,train,2.6888406862827735E-5,3.5161987454847994,0.07611830032078505
-1337012.812,1424724.321,train,8.160744106430191E-5,9.620524619575784,0.20003588510460688
-635596.4415,1726137.484,train,2.677784769466064E-5,3.500979337574863,0.07582905184060325
-1123173.252,896511.7384,train,7.875847902475447E-5,9.316760641563427,0.19441015624220515
-319361.9793,759352.914,train,2.65031509865802E-4,33.16414616282744,0.4481515963611909
-897318.0654,-185749.9537,train,8.549566251708584E-4,86.44624940885579,0.7237340886487228
-196296.7113,325751.2748,train,8.694502079500526E-4,86.83548181866907,0.7270825249893362
-1090627.465,-192568.9128,train,4.3457189420672497E-4,57.00769219210914,0.5711074265792406
-673668.9565,914275.6584,train,4.7556356198830195E-4,60.95841006080335,0.5930310836739192
-839694.9816,-256067.7219,train,9.668833430132638E-4,90.04458019183306,0.7476442204929783
-593242.3262,1332259.641,train,5.737986022323736E-5,7.221887288301574,0.14952935514162236
-30611.5722,428748.2571,train,4.1876360185796413E-4,54.929980878116766,0.5620081436883888
56242.4916,-532351.7634,train,1.946276740972199E-4,21.699789208667283,0.3735768943727829
-831209.7672,-242461.5551,train,0.0013550439752387235,95.6656486479146,0.8059019506227326
-636471.6877,705794.7782,train,8.468864439895278E-4,86.21086683237475,0.7218337867150624
-975353.4072,-103192.2453,train,7.757219168454386E-4,83.63479350339372,0.7038717564602804
-444991.5552,824304.5264,train,5.766521156184471E-4,71.71891548752555,0.6385897809513446
-286408.2615,-499755.0279,train,1.762569063941765E-4,19.285250140672677,0.3506808241121917
-1101933.768,1350127.769,train,4.532890519550074E-4,58.55359134461278,0.5814039635931798
-702021.9916,137641.8137,train,1.5592451493972096E-4,16.515299650648117,0.3233063070320427
-1046134.63,795854.1617,train,1.111052551539195E-4,12.158756417001786,0.2539770329875101
-904928.4681,871416.2697,train,8.885439801809927E-4,87.51395128912085,0.7313717848188171
-1051782.723,1042607.26,train,1.605939103631926E-4,17.362103680469353,0.32979516081130644
-952287.4195,914193.6479,train,0.0019644447498117653,98.13848781699697,0.8575360669747545
-906194.2443,472237.3026,train,6.37565803040252E-4,76.46982166861174,0.6614285798440438
-1148379.256,891391.0127,train,7.048909074101873E-5,8.584402055635579,0.17762344050680084
-1130112.642,391351.3505,train,1.196783403594254E-5,1.219896624930794,0.03537384257959533
-584409.789,916135.931,train,3.797660435456631E-4,49.981316226554554,0.537818841791461
-1250418.261,1685181.218,train,4.714953085457789E-5,6.1544387395953235,0.12623497009820286
-974958.5538,718013.9724,train,0.0013525413955649433,95.53253681388809,0.8056126264085922
-954853.619,654922.3291,train,5.673127613618838E-4,71.07335228844,0.6348128379952815
-674806.3174,1541811.279,train,6.015503157624623E-5,7.517898175198408,0.1556357741739873
-52166.6276,128578.4226,train,2.516557092036679E-4,31.02241431839076,0.43538125467310784
-427388.4211,910375.7256,train,5.096144031280561E-4,64.9270424224346,0.609607776460245
-921669.1177,843031.5131,train,8.969958010749663E-4,87.99528693052633,0.7332276667581101
-979689.0937,1946364.795,train,2.5472008163822103E-5,3.2861054868319473,0.0723989183919274
-701045.2254,928366.9846,train,7.577054627910272E-4,83.04687723862028,0.6989502844811205
-877438.7553,446273.4835,train,5.343623396215554E-4,67.73737441763416,0.6208325815652527
137351.7166,-233496.4329,train,2.0900437839500635E-4,24.033432250222486,0.39039900264253485
-394197.5365,649080.3979,train,3.3870403149970996E-4,44.51553674890132,0.5092829634327908
-618114.4635,1072021.062,train,2.914974192132219E-4,36.740719582076736,0.4717901423526192
-1044466.889,-261073.4465,train,4.95030252258184E-4,63.35320500539425,0.6026761591440253
-1307116.89,1429804.493,train,1.9719028904587036E-4,22.00740176921727,0.3766430597063003
-995759.0624,748087.456,train,0.002789096924539429,99.08443937618374,0.8952458875771625
-786115.6832,1024992.979,train,6.443438764263353E-4,76.8734312063552,0.6637927097383646
-425126.5373,-20381.7508,train,2.3603632193626876E-4,28.758320534549743,0.4197000484470887
-918823.4946,90809.7798,train,4.0946412806876193E-4,53.70781516093295,0.5564727003046179
-477284.852,-20152.3605,train,3.9040609905673746E-4,51.271440675754306,0.5446797365135418
-583707.0678,945762.6349,train,3.402748202540496E-4,44.877790575599704,0.5104392438293264
103319.7348,-493172.0515,train,2.75771034592975E-4,34.56806448373696,0.4579943432798374
-822786.8063,378625.8216,train,3.209696321834045E-4,41.47887542566467,0.4958390893639036
-981652.6504,1632237.165,train,8.742218481737538E-5,10.103870578869616,0.21127760870853055
-513497.4628,793767.92,train,4.685186981486579E-4,60.02946249947957,0.5894241773641671
-584703.5547,-138981.5734,train,5.807820481726388E-4,72.1965624039617,0.6402351742872963
