X,Y,Test or train,Raw prediction,Cumulative prediction,Cloglog prediction
-426917.14,351941.3605,train,2.552503771442824E-4,54.826298628959144,0.7345042250254982
-882963.896,172856.2271,train,2.8123035138239447E-4,61.28843750024263,0.7680273066150372
-412501.1716,-110520.6856,train,4.441656708195739E-4,88.58452925455161,0.9005070004371238
-699823.2884,926930.7903,train,2.0375203563256894E-4,42.16024066658871,0.6530574621709374
-1008599.689,785677.8794,train,5.482371738668356E-4,93.60594775149197,0.942061473463046
-1029111.849,-156365.4679,train,2.4024503381541001E-4,51.19972220413668,0.7129778571017493
-1024126.168,118383.7717,train,5.442211995672451E-4,93.46562798237679,0.9408398837338897
-565852.4799,-253709.1959,train,1.3055349263954179E-4,22.848739510740177,0.49251707519974497
-1021849.606,83899.4048,train,7.355228991006391E-4,97.88660796099613,0.9781032688806344
-538501.8128,802707.2438,train,2.4087022154313628E-4,51.46895192165898,0.7139086413904077
-852966.4777,-96899.9365,train,1.1444894335506443E-4,19.476680922389743,0.44822826300174323
-607526.4349,-259479.2219,train,1.476063853928347E-4,27.060100517239924,0.5355450540863921
-954127.6586,777999.3327,train,3.0917930488894864E-4,69.27509712317233,0.7993804064526762
-1093050.976,-49987.7351,train,2.548106814355506E-4,54.72987290085268,0.7338970214309606
-342819.3317,358654.0767,train,2.2993353261753944E-4,48.963455557448036,0.6971817192466705
-86170.76,575047.3424,train,2.8883830680023444E-4,63.72593081489745,0.7770176898791287
-909978.9545,49794.5614,train,9.220120073836401E-5,15.254121213768272,0.3806176012081437
-433581.2715,896008.1518,train,3.0226410180787073E-4,67.4680334121542,0.7920414949544521
-1127159.195,1344235.897,train,2.1648340757537577E-4,45.48237870647636,0.6752637950167297
-681922.0755,1720355.06,train,3.092944673233578E-5,5.332360934921547,0.14844765434508111
-702861.2627,1786887.645,train,2.9135088109633188E-5,4.981018096340821,0.14047184277830205
-63032.5633,556477.6515,train,1.6311521697835773E-4,30.759611414969676,0.5715010700198275
-330710.6221,648700.814,train,1.7202494904427487E-4,33.17254224173937,0.5908844548474605
-1005621.091,-126486.7878,train,3.6718967106618935E-4,81.77108653040432,0.8515843175216873
-483061.0053,759037.8348,train,3.9743120996031987E-4,85.02658328220438,0.8731637696626899
-692217.9924,1774326.692,train,3.346298650957697E-5,5.832192671248979,0.15958321870987158
-847574.174,337374.9147,train,2.8202332717561224E-4,61.53923949124809,0.7689810484024727
-772451.4642,887474.9718,train,2.4888989944087694E-4,53.46559039961581,0.7255840930278313
-1290213.932,1425069.5,train,1.2324450126756313E-4,21.168499027880593,0.4728753670656247
-1117630.334,-14978.1553,train,3.024158697776715E-4,67.51384966320309,0.7922054081573859
-975785.9263,720529.7512,train,3.217728482987669E-4,72.69375678689423,0.8120867083499734
-491393.9003,666372.7922,train,4.806209606574209E-4,91.04315989548846,0.9176742946391359
-1009331.138,75415.4424,train,7.044715377897071E-4,97.27345820606467,0.9742698083057342
-692105.1947,-249424.4364,train,3.073884364362334E-4,68.83367012772545,0.7975050346664238
-508574.9564,90323.7438,train,2.1080187274095794E-4,43.817615387137614,0.6655351950427086
-471048.5568,765746.5108,train,3.028140779415453E-4,67.6475256766667,0.7926348689878608
-856822.9867,328813.3237,train,2.465973100828667E-4,52.8806761797237,0.7222959330577898
-663750.4308,1734969.471,train,3.1794688351888037E-5,5.5178832535051106,0.15226710845369307
-907218.8056,-53902.8814,train,2.9661757859572975E-4,65.72467346642267,0.7858503343170439
-1006482.386,69498.1372,train,7.144017989518949E-4,97.55718509745631,0.9755636375517152
-353329.1518,53759.7539,train,1.8253472271210163E-4,36.24981474102439,0.6126247082327365
-744066.903,567546.9152,train,3.289747795128414E-4,74.34129579104864,0.8189880731941399
-933072.1254,-248228.5101,train,5.182502645985653E-4,92.62393731914014,0.9322936546657141
-435054.8056,682164.1343,train,2.647945600670281E-4,56.900413195766106,0.7473482617244266
-472286.5784,86294.6046,train,3.1776618073222864E-4,71.3321967854473,0.8081339772038061
-1046773.2,130445.3746,train,7.996890661820081E-4,98.41349428995757,0.9843109772154202
-141491.9418,755981.6768,train,1.536882966692516E-4,28.53111644893004,0.5499917496030069
-924115.9004,717709.6927,train,3.523258862453445E-4,79.41457199533446,0.8396687525034077
-1031393.679,-1030.5201,train,2.1986990094316334E-4,46.603614100670235,0.680927417120353
-696918.1337,700271.7758,train,3.7916385745006935E-4,83.50512793729322,0.8605362131180807
-73138.3881,575720.7344,train,1.5228035566893137E-4,28.264880511188792,0.5466878817799286
-953706.0111,-66708.6034,train,3.2108245044402376E-4,72.46089179127931,0.8114114586433693
-1045844.317,-146597.6539,train,3.213246607360544E-4,72.55101578873374,0.8116486304169386
-504764.7046,820750.3616,train,2.701614277913401E-4,58.306921251093655,0.7542957966135737
-1056588.601,55272.5047,train,2.1683398054773062E-4,45.60689389130924,0.675854733163581
-985604.7409,102763.0281,train,3.5645627987662725E-4,80.10519861614286,0.8430727278925385
-347376.7186,876824.0121,train,1.7450930060118505E-4,33.710559154701265,0.5961311709191375
-1104746.624,-6769.2303,train,5.092824927561552E-4,92.00986851836839,0.9290644252380457
-961632.6315,-183788.2498,train,3.569276360030853E-4,80.17562798505334,0.8434565626047067
-683026.73,1730469.284,train,3.434604454986368E-5,6.009629037209948,0.1634301676756541
-424706.8324,913086.6024,train,3.2339053912744744E-4,73.07762078183208,0.8136594506755711
-98482.3874,643728.2596,train,1.5137751279347753E-4,28.057238866198347,0.5445565217401964
-765256.6791,895159.4213,train,2.605469464648315E-4,56.02556884208076,0.7417106318048339
-847377.9783,337032.559,train,3.052607794465208E-4,68.28451926993807,0.7952541834100338
-980554.7907,124697.1077,train,4.5641361830011886E-4,89.45222745234503,0.9066409390442399
-480002.0434,683549.7578,train,4.128824903178021E-4,86.49085139890836,0.8829478666610411
-992934.1491,121436.6562,train,6.137559833949214E-4,95.71126886321173,0.9587777230976913
-1103567.801,55782.768,train,1.7532008757291994E-4,33.91956306005626,0.5978288712473847
-771760.5107,141030.8837,train,2.1678818605660652E-4,45.58563513165622,0.6757776014597237
-905741.078,-277811.5667,train,5.956692950997806E-4,95.29177524377627,0.9547162424782053
-1026041.507,809026.0169,train,2.6142531611472736E-4,56.27952344846948,0.742886670459606
-447227.9822,172572.0672,train,1.573892906630479E-4,29.36092283811419,0.5585620975868705
-978670.2892,856622.0207,train,4.3585303877461664E-4,88.05355138979196,0.8961159198458689
-820046.8327,-179040.6044,train,0.0012099080946648066,99.41743613061155,0.9981379771133181
-832745.5201,344953.6477,train,1.8900576048022852E-4,38.01425776624428,0.6254319047966486
-579752.7474,672472.6235,train,2.7229747141641275E-4,58.877754522789836,0.75700750762786
-987024.4691,255993.2176,train,1.563660026741744E-4,29.15388714120991,0.556208941099589
-320034.3512,848836.3718,train,3.3828473613876903E-4,76.41434461357416,0.8275352386899548
-846326.5276,332962.587,train,1.85902599168407E-4,37.22054032036632,0.6193439820266347
-1080568.436,-183321.4124,train,2.180810268769519E-4,46.116515195243345,0.6779480957750093
-981793.1045,125638.4257,train,6.108715416730885E-4,95.5407450804022,0.9581553076717303
-693903.1194,999412.3529,train,1.8219827579244214E-4,36.10069714382296,0.6119469786516528
-229617.0926,758359.1802,train,2.0616648128149836E-4,42.62493672743822,0.6573824233474606
-232647.661,-383334.9608,train,9.466526774130412E-5,15.588987101484843,0.3884964494860924
-998497.2554,697130.4214,train,2.986333313790812E-4,66.36694181939883,0.7880813921940525
-771819.1611,390609.45,train,2.071197187982832E-4,42.84935986494002,0.659075061449222
-1082578.243,-189158.8853,train,2.445650154187778E-4,52.387616954623255,0.7193481732819567
-547222.5781,657491.0388,train,2.79934351216783E-4,60.81632566437907,0.7664600748856046
-895659.4099,878272.0383,train,3.426413317700669E-4,77.46791400680989,0.8313950863055165
-1076874.281,-177298.7036,train,2.8790062039629576E-4,63.50119754200257,0.7759287229629986
-20723.5379,-450128.848,train,1.0057890440752082E-4,16.65872892802577,0.40699881806545624
-903510.7839,-269452.1981,train,8.504462535895846E-4,98.67295612431636,0.9879477457767151
-612177.8277,1564647.841,train,3.1983088749221136E-5,5.552682349329034,0.15309649436018247
-641294.606,860338.3143,train,2.9786008330528227E-4,66.12862256471364,0.7872283138053519
-153778.4516,997393.3854,train,6.179559667965087E-5,10.8422253303923,0.2746200939777875
-151867.8538,-418778.8264,train,2.1940922501468383E-4,46.45771295740551,0.680162819082436
-888061.7335,1023651.414,train,1.31942968825757E-4,23.275869949124882,0.4961674228526397
-562093.8648,-258090.6577,train,1.0421926540219058E-4,17.32061698211238,0.41810916956901667
-993965.4891,-213898.7925,train,3.427275785252523E-4,77.5026043804313,0.8314706205744481
-51467.8063,521754.2343,train,3.2631316010364893E-4,73.63327064735024,0.8164675670580095
-257553.7972,-466477.8368,train,1.0422382555881105E-4,17.32154096842625,0.4181229557655394
-818392.9377,839974.142,train,5.17341711393774E-4,92.51759982037014,0.9319732981962825
-942601.3521,2330.8592,train,5.145807459299553E-4,92.34000038799378,0.9309904479591851
-176470.2356,-409092.3569,train,9.453019560874625E-5,15.569052768395064,0.38806716472394864
-1018652.964,103575.4787,train,7.213771028780602E-4,97.77248709396625,0.9764333632867832
-980459.5317,966615.5212,train,3.617104778200294E-4,80.9313477179767,0.847298625192113
-1054992.154,-49681.1224,train,1.5113757405294513E-4,28.002869564401955,0.5439884097901652
-925368.9971,-311423.1629,train,7.542381905122911E-4,98.03759311934341,0.980132169936068
-945443.571,-195334.9917,train,4.357127400847626E-4,88.04239169944694,0.8960401686933509
-993701.4628,747981.2203,train,5.630850760402164E-4,94.18617906204385,0.9463629473568239
-960449.2742,859174.2022,train,2.915005726950966E-4,64.52796658951647,0.780080711722505
-502842.9548,975501.9793,train,2.0786956928335108E-4,43.015055785703986,0.6604006724057971
-1142513.833,-36650.5211,train,1.1999562530347846E-4,20.488356173874944,0.4639022096083044
-905233.9102,-56887.8129,train,4.5819873761258846E-4,89.58095489263627,0.90750280487159
-838358.9117,921784.573,train,2.810178872314814E-4,61.21990751829522,0.7677710998537453
-966132.0162,987907.608,train,3.759828705934207E-4,83.01390277225005,0.8582121636442342
-844684.0601,792586.2776,train,3.529686789681885E-4,79.56608671055888,0.8402033075934537
-300578.466,-349038.8409,train,1.5283441497441696E-4,28.370094283865065,0.5479909194912769
-96383.5915,307504.4457,train,1.5663975187575282E-4,29.22064241166889,0.5568396819247303
-1395686.669,129542.7789,train,2.713806256096965E-4,58.58170599582545,0.7558472557398028
-612978.3688,-252716.7056,train,1.9455912292029516E-4,39.60139786735454,0.6360847336190985
-1027622.53,-10722.7764,train,2.2956455422115774E-4,48.85268052454487,0.6966006502413931
-707518.0377,1760581.929,train,4.079642210534683E-5,7.178603943145124,0.19100156250054412
-581226.2179,660435.1524,train,3.1489007046233797E-4,70.69318611754677,0.8052454212425555
-890820.4057,827508.9949,train,2.1622960385035263E-4,45.42350597852695,0.6748353023332447
-719844.0528,1795069.332,train,3.585424423667201E-5,6.324141789426876,0.1699598034470876
-864678.0546,1026776.875,train,3.013366080205045E-4,67.20086865677526,0.7910369651108795
-652877.0772,1716487.09,train,2.57844121443504E-5,4.311983018075569,0.12537776572619364
-758327.2903,261143.6625,train,2.3796742244753876E-4,50.57002427758171,0.7095612465618668
-337739.3329,-287795.8511,train,1.6151787094305524E-4,30.349081952272357,0.5679301473529277
-462496.3813,696909.9179,train,3.371383902065767E-4,76.09715806544924,0.8265049988450924
-947080.8963,91284.706,train,1.0500673560217122E-4,17.48017546834864,0.4204850023199661
-1125753.909,-25121.4181,train,9.14452940515838E-5,15.15001485706621,0.37818030411553316
-729154.8221,568917.1123,train,3.829761912064053E-4,83.84719322940056,0.8632713984812752
-44993.2206,38416.0322,train,1.5070224896471948E-4,27.919346439196854,0.5429558644347082
-451313.4809,660027.1423,train,2.150500388764977E-4,45.13852827399532,0.6728364300368155
-993802.346,720922.6765,train,3.511155896309473E-4,79.10533081395877,0.8386573954939707
-519981.9997,657305.2348,train,5.065803154478687E-4,91.89273541582324,0.9280615234378732
-944993.7132,-4836.2874,train,3.846998023881722E-4,84.00174029019689,0.864490342892235
-510769.8813,846186.0707,train,2.4270031502023648E-4,51.91870261748756,0.7166159844547852
-49272.5735,399642.2162,train,3.3760298614342327E-4,76.28071810358679,0.8269232784250782
86613.3612,-489979.216,train,7.951621201662012E-5,13.556364507161085,0.3384220204999989
-1073728.268,-36741.6679,train,7.637420539960308E-4,98.12349598237081,0.9810893660088614
-1059527.087,-75752.1848,train,2.1379264040725975E-4,44.70862202871578,0.670692129960125
-600209.3954,317911.9878,train,3.421603664220998E-4,77.27445898831027,0.8309732391876268
-142852.0564,-429151.8762,train,1.0780126824229443E-4,18.046605089113026,0.42883820947044693
-1083066.112,-32435.3602,train,6.455117401246158E-4,96.50961804403215,0.9650474508787008
-774413.978,712565.9974,train,3.1040770638904563E-4,69.51616847243464,0.8006567185543563
-866583.5015,890682.2654,train,2.6747705853903507E-4,57.72957617589126,0.7508450332357235
-989421.8291,93653.9292,train,3.254812965644167E-4,73.40725900183332,0.8156726312000658
-1364660.589,1421079.991,train,6.745165766704283E-5,11.760611665279516,0.2956260499408455
-987065.1099,159196.3673,train,4.313304627043902E-4,87.76914377250857,0.8936460416447464
-490655.3539,718240.1029,train,2.4710977854757246E-4,52.99783792316701,0.7230343466614599
-619997.7119,-253256.2313,train,1.9006916964441883E-4,38.265468692131506,0.6274956702682134
-858071.1377,341578.975,train,1.7286763502784432E-4,33.40225106203269,0.5926717230358802
-922953.0504,-300308.3296,train,0.001154215392589222,99.25107771625623,0.9975131532009132
-197711.3155,-398271.7437,train,1.02567185382978E-4,17.017585206818413,0.4130930702762776
-414482.8811,73513.616,train,1.562735024477702E-4,29.131330444804863,0.5559956100631298
-951418.9872,-28461.2772,train,1.82885091067658E-4,36.3605193994879,0.6133292226840957
-1116951.823,918237.8289,train,5.105903490171602E-5,8.966194302165563,0.23300716513559638
-984055.6261,-262735.5058,train,1.5608885457672574E-4,29.086303031025476,0.5555694544228624
-1014033.988,762451.6311,train,3.8089609311932554E-4,83.66058981212369,0.8617857352153142
-1100483.645,-15700.6346,train,7.16199139831604E-4,97.61266266686569,0.9757907647698711
-742753.3058,354238.9731,train,2.302969878711226E-4,49.05514192928522,0.6977530023708142
-957610.5214,-69199.9801,train,5.146906131302314E-4,92.34706760874012,0.9310298284983594
-591128.2291,664908.752,train,2.934808613428698E-4,65.15843380562204,0.7823317761654982
-948941.6913,971275.8485,train,1.993650002498697E-4,40.97233755873802,0.6450588278848635
-186996.6023,-409856.1936,train,1.0925164864781804E-4,18.382590507803478,0.43312600560965586
-983949.903,106721.7968,train,2.7947966039471776E-4,60.64551147150685,0.765907719311444
-929397.8379,-144228.3242,train,3.108423950228457E-4,69.62489524474107,0.8011064133953446
-717442.9778,347874.0578,train,3.0804645989404437E-4,69.02132855287866,0.7981961360754257
-552906.9729,798740.9383,train,3.6062943333341034E-4,80.7858300401037,0.8464385527228429
-310468.2996,839972.6673,train,1.55036047526291E-4,28.786522204851234,0.5531318157510399
-1027457.864,-166646.1272,train,2.581861351390317E-4,55.5069501687574,0.7385230428310579
-925384.5694,-45457.9603,train,4.6846482893349816E-4,90.46954144976263,0.9123071189404326
-963980.8468,768897.6696,train,3.636438112642458E-4,81.24500401478302,0.8488247804050748
-1008448.231,-130651.5371,train,2.9372612098885317E-4,65.24399628650811,0.7826089631267866
-756940.4636,563021.4299,train,5.542992346882873E-4,93.84379525944712,0.9438578396024982
-781709.5608,372003.6821,train,2.0016674085449626E-4,41.24018707711549,0.6465342435597239
-283371.9408,340635.572,train,3.29046441546136E-4,74.36410488226433,0.8190554551804441
-1010530.228,617888.5514,train,2.0786002014946115E-4,43.01294569500738,0.6603838235693346
-946479.5941,79486.7314,train,3.911969065855582E-4,84.42156041377594,0.8689882352677468
-665810.8137,1084243.811,train,3.3558363679507563E-4,75.61263548179885,0.8250978758460195
-1089749.425,-25796.1886,train,2.889107750626009E-4,63.74313081125545,0.7771016290819422
-687543.369,1726809.258,train,4.355720878584169E-5,7.655688848949323,0.20252276737089192
-461503.8483,806224.9508,train,4.5388858016300336E-4,89.29769401360696,0.9054081050709702
-647875.2394,705768.3241,train,3.015539266392117E-4,67.25364755229657,0.7912727682523085
-457039.2435,93117.1762,train,3.424172801548522E-4,77.37779543683509,0.831198705317251
-977350.0926,109167.9544,train,3.250037699051519E-4,73.27691215513025,0.8152147480772802
-681719.2526,1775912.994,train,4.5581316797338284E-5,7.999565785497145,0.21086531577132528
-722009.0674,1825367.393,train,3.001399569067407E-5,5.147394271809975,0.14438782271234563
-848408.4743,793588.2368,train,3.788448867958839E-4,83.44839184247034,0.8603048999112886
-733855.9078,997509.7855,train,2.3823963959583767E-4,50.64666852472147,0.7099717259031766
96597.7118,-204906.944,train,2.833115871924043E-4,61.92471522468223,0.770522134423888
-906044.666,-253480.4459,train,2.1057209964380258E-4,43.768827336511244,0.66513567626725
-958670.6958,27385.3406,train,6.615355710934087E-4,97.00077665519179,0.967839486892205
-861557.2518,906888.8828,train,4.425174090161296E-4,88.47783073574641,0.8996513272223499
-920277.8397,986962.5913,train,2.1612096912972692E-4,45.398306890717365,0.6746517233564882
-936237.1103,481739.8358,train,3.212880127239199E-4,72.53934394804047,0.8116127639259828
-296905.6975,338694.3304,train,2.8237710617442076E-4,61.64900715693066,0.7694052857759461
-442215.5271,177767.0143,train,1.7601371840138036E-4,34.19251072309192,0.5992755939658608
-920241.0496,-103825.7493,train,4.6571696104368894E-4,90.07228583489444,0.911046185004105
-518314.042,318908.5594,train,4.263985458874266E-4,87.46648364860025,0.8908856305491687
-1118663.426,-233837.3117,train,3.2606774416746857E-4,73.56691773469444,0.816233402682303
-1150194.24,861955.5527,train,3.5368693699537216E-5,6.2505106462724696,0.16786323131058722
-739735.6474,702999.2595,train,3.2679463745201277E-4,73.76046987043343,0.8169261035814919
-917331.1407,-293525.5328,train,0.0011913722408767992,99.33939334991778,0.9979497397881445
-1111349.219,-11925.1632,train,3.262843550120141E-4,73.6254826374963,0.8164400980536519
-751683.8146,362533.0746,train,2.2069753341942216E-4,46.86638338188096,0.6822964754637977
-893603.8841,995623.1146,train,2.940786937420496E-4,65.32257378503041,0.7830068146357547
-879209.1399,886354.908,train,3.2122857832818044E-4,72.52037762855234,0.8115545824521471
-715022.1708,1809367.315,train,2.7908226588121917E-5,4.7664951874469494,0.13497556263085386
-1038369.393,85093.8104,train,6.409176154600733E-4,96.33423232300498,0.9642031381674463
-829608.1603,-155262.3745,train,1.9959663470280493E-4,41.04184732858232,0.6454857282938398
-1141724.031,896693.3517,train,1.787818050161671E-5,2.736311055754471,0.08870288942050986
-592344.6287,675072.3853,train,4.206157444213477E-4,87.19908882289808,0.887557586955893
-668036.9428,1760831.806,train,2.9378873289405707E-5,5.025763020465911,0.14155982234446018
28691.6449,-99253.3383,train,3.298082761948039E-4,74.580094830884,0.8197702400335934
-467155.3576,859827.9991,train,1.87147916007602E-4,37.45639764693288,0.6217988983878717
-637595.3514,1724690.544,train,3.006431944047658E-5,5.157031690752498,0.14461149980809174
-728646.1274,930195.3012,train,2.952020805767345E-4,65.54322977033262,0.7842696216451208
-484165.2534,690072.8402,train,4.680570047820331E-4,90.38993813347315,0.9121211134336166
-963148.3561,728971.6191,train,4.1570028958481784E-4,86.84823300072682,0.8846490165648291
-524340.7434,839217.1033,train,2.86036338381948E-4,62.86123299692518,0.7737478463246044
-440335.5697,891410.2203,train,2.4923941448663095E-4,53.536104350164734,0.7260819553212675
-934284.0139,-165728.2247,train,1.970738522601316E-4,40.314487886769875,0.6408084721962766
-729367.7588,1803915.246,train,4.4861187085838815E-5,7.882553945899966,0.20790728357853816
-973345.1895,913860.8431,train,2.819467531569848E-4,61.515479087671146,0.768889121256166
-1043229.434,-261661.5025,train,2.5904218986222134E-4,55.72908483200553,0.7396834164649859
-949037.3889,-160824.5572,train,4.352979508854424E-4,88.01663358249678,0.8958158892919901
-653172.2085,1711992.81,train,2.5349061418793155E-5,4.221966326902689,0.12339724507651673
-916478.1398,-57534.1566,train,3.4145474436991763E-4,77.02371398699157,0.830352438383482
-339985.0316,-324800.1093,train,1.1799753927896087E-4,20.09797291300472,0.45830794880019166
-820303.9655,603709.7778,train,2.808473680436881E-4,61.164287156414304,0.7675652691066205
-993198.8392,768229.757,train,6.221034331080012E-4,95.92357896614837,0.9605272903545261
-1120750.281,47160.7257,train,3.001198177080329E-4,66.86102166929669,0.7897117479747453
-589126.1741,114817.7053,train,2.0633389587053455E-4,42.665926556153735,0.6576803040815575
177484.8387,546665.0902,train,1.9119340142404484E-4,38.62101073437127,0.6296651109965983
-978626.9967,188439.0172,train,2.8709899941010015E-4,63.25151327341842,0.7749935578419713
-833631.0633,431769.5348,train,4.7357507153825173E-4,90.71830410181914,0.9146047570193384
-771347.4692,1846627.892,train,3.1212881374425644E-5,5.3940969647813075,0.14970071729008583
-915482.0426,864472.1464,train,3.576143825241468E-4,80.28545812166256,0.8440141142738624
-1155277.483,1067295.455,train,6.177401625522366E-5,10.838813702860094,0.2745387588436814
-448072.9338,884244.2765,train,2.2113233691757215E-4,46.98817263559274,0.6830133661705693
-796466.1046,514949.2334,train,3.0284289736734476E-4,67.6573063629807,0.7926659157902913
-642005.9167,133693.7619,train,1.5822785908648377E-4,29.50682506950581,0.5604811672485324
-439032.6678,833358.7359,train,1.914504381644805E-4,38.69952353257484,0.6301593399872027
-25576.2892,452785.5794,train,3.578862941045211E-4,80.34780009100074,0.844234323044592
-932031.1519,164677.9448,train,3.224405907410336E-4,72.90282495475941,0.8127374995853558
-983967.9311,147238.5088,train,4.957648204039214E-4,91.49759428551718,0.9239034222142234
-1256019.146,1400018.721,train,2.5849640234709194E-4,55.58746032764374,0.7389442033418743
-643094.2679,324876.8964,train,2.1668365461554974E-4,45.5371094525393,0.6756014702873196
-499461.2203,-13852.5453,train,1.6707182629906704E-4,31.85147972039428,0.5802196365168109
-1049648.453,50572.9628,train,7.582842743148402E-4,98.07023526595029,0.980545461831117
-61113.5208,-25277.1505,train,2.849871741592988E-4,62.55841896949895,0.7725111908427645
-863746.6657,-96037.7242,train,3.513061811853782E-4,79.15729169985255,0.8388170812014768
-555746.403,807535.8876,train,2.7276662422762225E-4,59.015658427028825,0.7575990778835617
-1088781.433,-168833.8749,train,1.696080926748872E-4,32.52803583831281,0.585714881643334
-970624.9606,-5761.9443,train,1.785288669974447E-4,35.01538094783008,0.604477988700618
-1003415.717,51946.5383,train,6.622938363871444E-4,97.00563893103345,0.9679659364449831
-994510.0033,95461.3194,train,4.76092480080436E-4,90.82411871649319,0.9157143883105363
-1018359.645,783452.7515,train,3.9920670858398385E-4,85.20736644255203,0.8743284062822296
27271.7702,518495.2562,train,1.9136342110991585E-4,38.67294385982563,0.6299920979122524
-794726.9212,569400.3428,train,3.001507459702839E-4,66.87163383777809,0.789745536090633
-707849.2211,-205270.2535,train,4.892975973832648E-4,91.35430412010156,0.9213030950428505
-466020.1829,795372.9767,train,2.2925595293273268E-4,48.76004070654786,0.6961138072461971
-326768.2947,-135084.5193,train,3.538349775260771E-4,79.76609663124897,0.8409209146997316
-979214.374,870084.6868,train,4.437332247151166E-4,88.55077001919626,0.9002832103609317
-705240.6635,1798706.41,train,3.518271170314653E-5,6.206861006178952,0.16705877253279833
-941426.2872,75150.1354,train,1.9767367786984575E-4,40.460044562205404,0.6419261146337043
-1179858.484,1063978.314,train,5.696911311009645E-5,9.99801069271038,0.2562004486096997
-25682.9377,-73696.3878,train,1.527774685993344E-4,28.359280381989663,0.547857165783735
-769432.0859,1144523.352,train,2.8755838332401E-4,63.394599541905244,0.7755299481273964
-562196.9108,802279.7584,train,6.144760555321171E-4,95.75383842660452,0.9589316534255381
-1048817.079,-44282.9694,train,2.5373071271309023E-4,54.480842087652164,0.7323997234750692
-362749.1967,233040.1283,train,2.7817991441415603E-4,60.310368027986385,0.7643215808355002
-941941.7823,61853.6813,train,1.978805701711273E-4,40.51293845928832,0.6423108055427211
-769925.6486,1134166.392,train,3.4204629262136175E-4,77.23275397979369,0.8308730321043629
-766289.7218,911506.3113,train,2.571106233935606E-4,55.27475865766559,0.7370578632249569
-929908.3687,-146314.8457,train,1.674881079775282E-4,31.925735539381897,0.5811265548745892
-1141725.335,-76496.4945,train,5.653859666793648E-4,94.28673541480855,0.9470003237314473
-861773.0721,330715.3584,train,1.6374982715721244E-4,31.027722070960454,0.5729115578649747
-332172.0076,355244.294,train,2.122964947037272E-4,44.261052179385835,0.6681223652036885
-709228.7752,1863844.789,train,3.2857638671538996E-5,5.714218879932715,0.15693586984611807
-911361.1083,789889.9062,train,2.8480303237163145E-4,62.50780814724656,0.7722934456913163
-485642.6245,666272.2068,train,2.3822833663318853E-4,50.643486112929615,0.7099546935866279
-963916.0835,-185220.8699,train,5.308847775385897E-4,93.03492957695168,0.9365953538786398
-456743.6919,812475.0444,train,3.939395522312449E-4,84.72738708875774,0.8708418427744723
-804221.1763,130940.1704,train,1.9974094321685698E-4,41.09205221464322,0.6457514280880161
-1134017.246,945348.0519,train,2.117458189139817E-5,3.317891747916196,0.10417732282531611
-921414.2568,-44316.8852,train,4.800301273135384E-4,91.01332696843797,0.9174211926618189
-413219.6691,872881.2781,train,2.8506920726957037E-4,62.58096552569002,0.772608126823138
-1023569.26,-146132.3066,train,3.729327673911419E-4,82.52668944714249,0.8559473759831062
-967019.2869,-98329.8076,train,3.6924071313325515E-4,82.06858047696925,0.8531574698819822
-893594.8191,-202762.3956,train,3.155581523539244E-4,70.86162336228234,0.8059202478666048
-1059970.474,910929.5059,train,5.453503786229982E-5,9.503389894694564,0.2467344323667331
-1012984.198,854642.3792,train,5.780665560193264E-4,94.76335725632977,0.9503795199087942
-929230.1711,982185.5179,train,4.116087217472982E-4,86.35321652559065,0.8821706608372197
-576446.3459,847666.5763,train,2.4787717316201855E-4,53.21747749255909,0.7241364124468622
-835187.1535,-247200.6571,train,3.526866884932966E-4,79.5004327342009,0.8399690202975163
-617755.9302,68091.6679,train,1.0704044222719553E-4,17.908267827863174,0.42657600697208287
-944045.6621,988707.8146,train,3.193390955408474E-4,71.75166148534646,0.8096955357508409
-407781.3723,-272102.5681,train,2.7229308964262194E-4,58.87646524992152,0.7570019757053273
-636093.8464,902410.2002,train,2.561894298437638E-4,55.01847423944192,0.7357963868820515
-48662.1997,528945.0203,train,2.2032202144410445E-4,46.7602736477661,0.6816760381915975
-731952.5892,1123597.496,train,9.225120922874954E-5,15.260742939019718,0.3807785080547349
-1043165.904,-104308.8312,train,1.8623005177779392E-4,37.296182325037,0.6199910354157862
-1077071.811,942880.6887,train,6.412385126172861E-5,11.239749451363656,0.2833417761483188
-767106.5678,383808.2579,train,2.183638193294509E-4,46.18683060226511,0.6784209235914731
-736315.1273,-243922.3356,train,2.928760117248837E-4,64.93578005242566,0.7816466771458025
-895148.0795,342769.6943,train,2.1409713641853124E-4,44.81667384556212,0.6712126872957133
-775759.0383,-216113.3723,train,5.833595593718501E-4,94.95468663637995,0.9517254844965789
-1028335.316,796117.9049,train,1.0938918069209138E-4,18.421415831717315,0.43353092037757746
-496469.185,840117.3132,train,2.4037981288354437E-4,51.26153034207406,0.7131787729251371
-999748.5697,809158.1219,train,4.116502020778186E-4,86.35769861140166,0.8821960516843441
-865225.6694,1046649.074,train,2.940063957629054E-4,65.30749282461831,0.7829252912591984
-824253.8915,-225916.7125,train,8.86001687724871E-4,98.80921385767773,0.9899806017742347
-1073862.915,-193767.0238,train,2.474430762908325E-4,53.091958177885274,0.7235135398723669
-630649.46,-247361.8121,train,1.9348512578401983E-4,39.27193215886633,0.6340484232494791
-1021734.579,689186.8427,train,8.310595999128893E-5,14.082979419564762,0.3506464812571486
-338036.2167,905014.6322,train,9.466927784785402E-5,15.589578924521744,0.3885091897583315
-308691.1879,-344316.5788,train,1.1366644052620027E-4,19.279564847100243,0.4459804674029395
-398907.1336,886775.3092,train,3.4855938416167406E-4,78.71185155164487,0.8365003453540885
-875918.1704,845766.7117,train,4.045799300951375E-4,85.85965373092294,0.8777882165784229
-1021232.661,107534.0339,train,8.204711487831889E-4,98.54502508899319,0.9859167277720101
-312304.9283,892924.5991,train,8.079765490809515E-5,13.771085807081045,0.34281201245794124
-1043379.689,-44738.9079,train,2.89956837156981E-4,64.11026907344446,0.7783097574257145
-153248.1087,754581.8231,train,2.262326221158557E-4,48.353189275726535,0.6913027520903338
-468464.3939,887752.2725,train,2.3129118551833082E-4,49.26652414882304,0.6993101934309545
-726826.5083,934009.3849,train,3.1034539328827067E-4,69.50393965044171,0.8005921710276123
-44119.9373,-436773.7639,train,1.2491104678389098E-4,21.486122288399628,0.47741980318868726
-1199460.046,1036309.407,train,4.246458918957629E-5,7.453981959264723,0.1979828402354028
-1067166.495,1366101.479,train,2.4588666007567273E-4,52.717488267156185,0.7212687015360333
-843706.597,-144461.6774,train,1.5350214151689542E-4,28.49689303619117,0.549556303999545
-798578.2335,2003575.568,train,2.0147261710886512E-5,3.1262361607163642,0.09938312734858534
-851731.5776,132151.872,train,3.126387747885486E-4,70.06506378663558,0.8029540739528485
-973774.1364,-151633.6245,train,1.5180602783116745E-4,28.155798296957787,0.5455693726785253
-973848.3352,227139.4956,train,3.7476363450021297E-4,82.79110906895309,0.8573111499728996
-757194.6663,-131375.837,train,1.5365158813093676E-4,28.52449234550759,0.5499059160045335
-744117.2243,-261440.9567,train,3.5570539022074374E-4,79.9967988012717,0.8424593186622694
50771.6843,-132272.3984,train,1.228171273242259E-4,21.08265177601843,0.4717036252260235
-969581.6414,-190766.9511,train,1.9845554844695544E-4,40.73145104240124,0.6433777383519046
-955222.8138,123427.854,train,2.478195041465153E-4,53.20080246957608,0.7240537458008012
-641586.3153,905033.4848,train,3.521534693241191E-4,79.37354164052509,0.8395250643615547
-641964.6407,995446.7775,train,3.3016760447976054E-4,74.66407787109489,0.8201063960730498
-207187.4268,750734.2609,train,9.247239778958296E-5,15.290030963259408,0.38148970110254543
-249651.2885,-373874.4715,train,1.0081735495039273E-4,16.70868912933998,0.4077330161071938
-803996.0937,479543.6486,train,2.956905986129495E-4,65.60584979304407,0.7848164729087402
-790673.2054,882975.2391,train,2.2029964056150588E-4,46.75251868216689,0.6816390212845922
-120729.8306,715153.6093,train,2.116978249792145E-4,44.01433132280266,0.6670884874074685
-731583.8369,-250679.7749,train,3.3717736936014027E-4,76.11285307242086,0.8265401309145267
-515702.2813,-28866.6903,train,1.7955924007837312E-4,35.29283419624581,0.6065896854905208
-963188.7139,293579.8762,train,1.3187836974024223E-4,23.258308686889652,0.49599829550639074
22306.7576,510114.0591,train,1.3183061672306112E-4,23.24288371735418,0.49587323648238846
-1134250.801,1075750.551,train,5.1743500553488004E-5,9.0851830696519,0.2357298622056735
-693122.1143,1776678.231,train,3.709406081589423E-5,6.514665946180145,0.17528930879481608
-1001811.628,821677.2898,train,5.566084721253355E-4,93.92577063947604,0.9445273901835862
-334920.4871,269826.6544,train,2.5621439070637117E-4,55.025418578287,0.7358306477624906
-1063728.989,854267.6186,train,7.027726335685879E-5,12.164685225231569,0.30589105709980646
-811365.2338,129203.3991,train,1.8110245925463445E-4,35.70213674357253,0.6097313644823974
-983194.3174,779385.5438,train,3.6381147665567426E-4,81.27458685607172,0.8489564129348213
-603177.8253,-181783.1658,train,2.360647815084217E-4,50.14716197508363,0.7066759660035322
-675072.2994,1782315.929,train,3.12682448595693E-5,5.4061559062951865,0.14994526359903027
-939715.815,883889.8808,train,3.704808892259584E-4,82.26635946813921,0.8541005859562032
-57558.6468,487351.8555,train,1.7727398337520593E-4,34.58677388769376,0.6018908544603998
-880411.3693,-283998.0082,train,2.2476897549853094E-4,48.023617526622665,0.6889463486517342
-561761.0547,643141.9206,train,2.8400845081755124E-4,62.19894728733921,0.7713514713005285
-579694.5041,-194429.5082,train,1.7139284361775137E-4,32.967688595529815,0.5895386652452205
-26850.3888,455438.5249,train,1.4225171249313654E-4,25.783726650148914,0.5224423789023087
-1166328.52,1065104.725,train,5.675699003288115E-5,9.95873918993857,0.2553802642083083
-1028192.858,841821.2218,train,2.818988644403332E-4,61.50030222653801,0.7688316122379228
-740686.7884,561980.9566,train,5.466534446597023E-4,93.54233185413106,0.9415827720781471
-506382.4218,813142.1482,train,2.2206170140772288E-4,47.21521920857395,0.6845402545262687
-807630.2611,564936.9375,train,3.1908137993866227E-4,71.69292709776286,0.8094405541695201
-308740.3369,881551.5772,train,1.091721708992299E-4,18.360153923302896,0.4328918793663984
-933612.3098,-220688.6705,train,4.53749953367861E-4,89.28920795034131,0.9053399519336109
-367136.7702,782297.0428,train,1.635642901972972E-4,30.953226847881837,0.5724996634243865
-1044154.111,1033019.004,train,5.770363448201969E-5,10.117916909275671,0.25903353794464967
-992749.7748,804502.5666,train,3.6304151255942983E-4,81.13867400038993,0.8483509744008728
-966880.5557,978091.677,train,3.7155936730117107E-4,82.38087098345703,0.8549158101208563
-319217.7409,-338896.8699,train,1.101070365008872E-4,18.589163037796215,0.4356397045759729
-483990.3341,728497.0194,train,2.588883095038408E-4,55.68915495291789,0.7394752134662906
-430256.9789,867771.4571,train,1.8882790715607332E-4,37.957783771622765,0.6250856292890868
-1062306.944,297670.9187,train,2.4220385418168458E-4,51.758733032836055,0.7158840892414606
-930223.437,-90136.7283,train,3.6377834692056745E-4,81.2687549844575,0.8489304121792303
-528922.8184,164268.7629,train,1.9353927171073546E-4,39.29172316675758,0.6341513567318227
-536981.2209,655639.5737,train,2.99760466663153E-4,66.73764647628927,0.7893187704253491
-668269.2942,1550290.529,train,5.950296812675413E-5,10.410940586093277,0.26592815546260706
-1176315.138,1063929.054,train,6.004388446107292E-5,10.499321109996512,0.26798824874738747
-254926.8888,769599.8158,train,1.5122972629512337E-4,28.0232476363217,0.5442066858792403
-391578.3197,885815.2562,train,1.9805280887927952E-4,40.57839541064212,0.6426307470700717
23310.53,-478074.6742,train,9.318111277475259E-5,15.3838733463667,0.38376295302962293
-449361.2965,684124.7799,train,5.182434109070076E-4,92.62313504502035,0.9322912437057578
-782338.3615,590480.6927,train,3.3879426985023575E-4,76.51427963143772,0.8279911988603403
-904620.1785,-258363.9169,train,6.14904133605956E-4,95.7791405295157,0.9590228914084175
-925068.0776,922613.3643,train,4.5546558537543346E-4,89.39420742257394,0.9061799631305818
-769607.0012,541363.2221,train,2.7980013814119984E-4,60.75716785023444,0.766297169392286
23166.7845,511946.3127,train,1.42832613232017E-4,25.898749906362553,0.52388151161161
-508880.0355,844445.8002,train,2.3550279114939674E-4,50.03792657022225,0.7058182588377038
-156334.3704,287433.7644,train,2.6776681117271365E-4,57.81500424705235,0.7512198322354342
-457556.7971,90942.1657,train,3.1510186157301115E-4,70.76786735023387,0.8054596041566775
-654750.5667,-271267.9986,train,1.8868965566830434E-4,37.91268290541937,0.6248162363416958
-328958.2628,-331538.3397,train,1.1089804304753408E-4,18.7448012743811,0.4379542876155861
-424386.2018,84091.7732,train,1.57357184766956E-4,29.355336744302733,0.5584884567060097
-863001.9755,1201646.379,train,7.445708401625086E-5,12.750522912292713,0.32080204861038886
-938074.8298,158929.2051,train,2.6579244607617035E-4,57.1603248824848,0.7486547521814853
-500551.1399,327939.5235,train,3.190214658308509E-4,71.67927685037893,0.8093812267428281
200409.1987,545148.1306,train,2.727141761469501E-4,59.00036379675692,0.7575330159352851
-1027270.761,1285473.407,train,2.575923531294279E-4,55.3787692907322,0.7377151404897774
-402940.1711,924193.5545,train,3.5585146055202525E-4,80.01482736403533,0.8425788325258101
-868156.423,889355.0364,train,2.487834944739923E-4,53.44018828019332,0.7254323462174559
-908288.9756,347580.6076,train,2.2596631471742231E-4,48.303148392797056,0.6908753419641296
-1049637.038,-146144.5544,train,3.091454733458881E-4,69.26845775018833,0.7993451400096453
-52891.1094,344618.4678,train,1.4752496282622224E-4,27.03210218825256,0.5353485332603749
-568466.6002,686045.088,train,2.5189714993272965E-4,54.21072329802951,0.7298383026796715
-1153901.138,1352785.803,train,2.902699679022016E-4,64.20567486549984,0.7786701264086652
-1194500.886,1470718.889,train,5.952123956323173E-5,10.413925962991515,0.26599783720202697
-571879.1747,662822.8983,train,3.369161190138356E-4,76.007660280076,0.8263045288997481
-1023253.726,858110.2974,train,1.9852763384012187E-4,40.758846104315225,0.6435112756962553
-100039.3414,606946.8944,train,2.1873922038042088E-4,46.2813562488435,0.679047520358453
-519026.6984,91078.3408,train,2.8827525747210267E-4,63.59229374292976,0.7763644381402264
-304986.1981,840016.6684,train,1.4333048843642837E-4,25.997333404999164,0.5251115036601077
-669167.4305,345670.5325,train,2.704483205789628E-4,58.366359432150446,0.7546617593988488
-463871.6805,694392.1593,train,5.007769353071014E-4,91.66643734007086,0.9258594369831353
-779588.2912,-211935.6117,train,8.328295661171806E-4,98.59776969604978,0.9867925716785634
-1056021.269,853213.5872,train,1.1969205696702473E-4,20.427759295211203,0.463056012857619
-719697.2956,-241662.7808,train,3.3170301132559544E-4,74.940343954833,0.8215357390483454
-1048381.906,142821.7433,train,5.22483592535114E-4,92.84356343926147,0.9337665516497419
-659211.1019,1518391.388,train,8.378026930330675E-5,14.196562588547986,0.3529174343567486
-1205218.079,1016545.927,train,6.879786066021708E-5,11.942419168762822,0.3005354032312284
-71255.7567,220944.3403,train,2.1911457095587203E-4,46.38015495658116,0.6796728121971933
-619293.4831,318880.742,train,1.9750075460325003E-4,40.41808213948871,0.6416042675916678
-1002988.375,86363.1151,train,6.40325471406617E-4,96.31162657776501,0.9640928398498878
-1115193.7,903251.2307,train,4.8762254513416004E-5,8.592943509579896,0.22379985230449306
-369495.8097,-511012.3102,train,1.2159666969822246E-4,20.76325928979882,0.46834310657413525
-997778.8631,-45665.2082,train,6.194958172244339E-4,95.871262770461,0.9599888791298501
-689082.7465,1842244.892,train,3.431695579793426E-5,6.002773382619459,0.16330372652402547
-890509.0999,165949.3185,train,3.0184608132692966E-4,67.3418399121455,0.7915893535520928
-800895.6771,1184417.148,train,1.410831464944156E-4,25.54944362545874,0.5195341646674313
-937646.1181,30070.0401,train,4.5021424368174616E-4,88.96829865175549,0.9035849939685388
-913264.8963,116664.2181,train,2.4948799493610606E-4,53.578920809560124,0.7264354928591669
-949474.5586,484593.4379,train,2.71834738061299E-4,58.73700554795353,0.7564226176834163
-708490.9357,1815330.527,train,3.532628641436848E-5,6.240706631500027,0.1676798684546995
-978290.0871,-120999.901,train,2.387299158175925E-4,50.781595720577414,0.7107095562238013
-79496.3023,-421130.417,train,1.1843984901851273E-4,20.181750607642574,0.45955134171500056
-419988.5362,855301.8808,train,2.1314365775786228E-4,44.51080866084149,0.6695798966041817
-211950.4752,351407.8073,train,4.28739679556349E-4,87.59248097622746,0.8922047919237781
-675817.0898,1785451.132,train,5.512903624096631E-5,9.637081529327775,0.24905552108946627
-1102907.01,929186.5601,train,6.290676641543838E-5,11.019804648597866,0.27879571671583747
-1027096.492,-177598.0983,train,1.6325591602674218E-4,30.819448202086676,0.5718141898072373
-303201.9713,832273.0968,train,1.3153369697351604E-4,23.14685545957577,0.49509494513471153
-1045637.906,124659.8018,train,6.395738715061892E-4,96.28293566610361,0.9639523501987265
-656204.4059,1307428.749,train,6.417479070750017E-5,11.248954944626819,0.28353141930404513
-478690.7839,-220516.2559,train,2.3666601981684759E-4,50.266174687939404,0.7075908046349946
-1058909.648,160329.7497,train,7.650757858081694E-5,13.03324359182653,0.3279993888100047
-888234.36,807398.6807,train,2.787548547541401E-4,60.435343882777715,0.7650245276288302
-697823.3205,1773899.979,train,3.629778516879422E-5,6.391402400568705,0.1718703642517201
-1119828.42,-85577.1752,train,5.101518376476825E-4,92.06350008698459,0.9293840968844482
-356539.6931,780886.1194,train,1.469158474015747E-4,26.885644529766903,0.5338757371558134
-814819.7872,-186653.7619,train,0.0013205693052662486,99.71468717870005,0.9989521694935107
-575610.74,154817.1038,train,3.0715138702256084E-4,68.76291581238723,0.7972554896408893
-662374.2328,1746885.454,train,3.093981661643286E-5,5.334619640736543,0.14849353207180038
-747350.445,1826247.106,train,3.7549860695996044E-5,6.602268905607806,0.17724000680365581
-915846.2211,63248.6572,train,3.0771969055249255E-4,68.9281388355577,0.797853235804606
-1038131.37,85740.4827,train,5.349191127471781E-4,93.17554978865712,0.9379105116328698
-1034262.585,79019.782,train,6.273393488045302E-4,96.02862658831621,0.9615866031066862
-555325.0694,-71580.249,train,1.3586731494798066E-4,24.188735589150237,0.5063360423633843
-475552.7914,-735.8399,train,3.2850789674594705E-4,74.18092777153579,0.8185484605126045
-185252.1879,737748.8379,train,9.54545006016882E-5,15.705464352760595,0.39099876678507395
-410721.5223,-289229.5913,train,1.8783141477022718E-4,37.6361665252414,0.6231395562843138
-809783.5471,-134931.8426,train,1.3467481827056927E-4,23.939470860134747,0.5032679883986007
-240368.5316,-155179.2389,train,1.2057400910741412E-4,20.588935824483585,0.4655107653444933
-369766.0081,884775.9308,train,1.945807761780213E-4,39.606172642254286,0.6361256716951444
-512484.5243,811573.3954,train,2.2691944844593136E-4,48.48224838628219,0.6924023486945119
-845452.749,848115.7496,train,3.586165196644024E-4,80.51522105704201,0.8448241621484575
-1060052.517,58948.7255,train,6.564364664910673E-4,96.73651308715532,0.9669760895804751
-217273.8864,-396165.5426,train,1.0337662851373393E-4,17.162435193093618,0.415556107810087
-1118293.217,863405.2128,train,3.1202451690546115E-5,5.391825233737188,0.14965464041029797
-541856.3981,-240829.0256,train,1.8101337723985515E-4,35.6759834760855,0.6095506959470969
-992098.2155,-147705.8159,train,2.499063754733625E-4,53.65098429372827,0.7270294944844855
-998175.2867,794541.8034,train,4.218254725478544E-4,87.27002605474894,0.8882620888791363
-788576.8906,371002.4411,train,2.245857153597204E-4,47.95613379053339,0.6886500440330853
-1047681.317,127471.955,train,5.593675160878604E-4,94.0237136546532,0.9453168982036568
-879887.8319,191034.5659,train,2.64407125874961E-4,56.809455326823596,0.7468391820628839
-1007181.022,683735.6127,train,3.3182562081865414E-4,74.95960669809388,0.8216493879838819
-480102.6414,772554.1998,train,3.2120688951612714E-4,72.5115485323679,0.8115333463819068
-1095803.722,936754.338,train,6.435377504003145E-5,11.276700693220619,0.2841973646543361
-595654.9906,300788.0888,train,3.898361150693422E-4,84.31963087426128,0.8680586989465008
-157494.0894,997514.9876,train,6.996161730481977E-5,12.115058333150442,0.3047518242570836
-695068.9108,1714420.705,train,3.053442899083276E-5,5.247061601151543,0.14669820238924858
-1115717.123,28512.9859,train,2.378952166801117E-4,50.54969434348983,0.7094522692090871
-1040632.162,70970.543,train,6.479710475385616E-4,96.57237424038182,0.9654912111279004
-823911.3872,-170954.1549,train,3.57682031552624E-4,80.30096821377882,0.8440689292066348
-473317.6823,692615.0918,train,4.6267844322006113E-4,89.89524520251253,0.9096307587642802
-891758.6621,-48707.857,train,1.8740914199867127E-4,37.50201557226067,0.6223118457879154
-1204151.492,1005163.443,train,5.79283176981175E-5,10.154366020892043,0.2598979962661532
-803939.1411,-188673.1591,train,0.0014272899419528967,99.99999971122327,0.9993981496707739
-690922.5671,105298.7852,train,2.7378051444264863E-4,59.26087572614698,0.7588726108071571
-477252.9133,839931.9317,train,2.075341896562923E-4,42.940946296922434,0.6598084153222665
-768836.421,282345.6717,train,2.224049953950405E-4,47.32938076982507,0.6851024032632247
-260809.9916,-367544.601,train,1.1142804061065837E-4,18.84532147682537,0.43949981266327676
-646494.0276,1568587.399,train,2.8169355702810716E-5,4.812154926788125,0.1361483450315295
-1071366.704,931878.8786,train,5.465365029039494E-5,9.530086077663025,0.24719849098119173
-736584.8724,-255954.7715,train,3.2576801148091945E-4,73.48552140780329,0.8159470065048208
-391017.7215,-298974.4062,train,1.2187903642550079E-4,20.84522427463894,0.4691224964896459
-758191.5258,-249913.7016,train,3.4887519023529085E-4,78.76791829805576,0.836768391405649
-887305.6359,236376.5892,train,4.0562755460359887E-4,85.91453289610669,0.8784516016351404
-689743.181,1743209.253,train,3.1098748613641054E-5,5.369237252941495,0.14919635890833538
-688119.1396,1702069.25,train,3.434203061149909E-5,6.008682810309726,0.16341272127809803
-430277.0589,906991.7434,train,2.25290036746239E-4,48.15094814555026,0.6897872880351578
-221875.0677,-451155.2001,train,1.129933128251753E-4,19.1442266924292,0.44403953453193257
-1051582.115,-200210.236,train,3.124156359014136E-4,70.01440356257349,0.8027255020583521
149975.122,-240790.1223,train,1.613141574510182E-4,30.280785190368807,0.567472604323239
-682890.4736,1007557.302,train,3.0673296335281114E-4,68.60315557609495,0.7968142588287508
-709095.5039,1851460.33,train,3.3016305143584205E-5,5.7435258763239325,0.1576305663617229
-1060833.73,-176476.4885,train,1.9114379017226522E-4,38.605856798817165,0.6295696427110875
-742665.4538,123949.9975,train,2.455333665250912E-4,52.63531972221265,0.7207566090207297
-561550.1045,317835.4157,train,3.95981634671388E-4,84.91149423629591,0.87220492365458
-1026914.855,-41266.5211,train,2.059100821711509E-4,42.56215990687283,0.6569257099101178
-409314.8208,630463.1539,train,2.0815559340036735E-4,43.087911791740936,0.6609049563752057
-871182.7238,1024167.748,train,4.384587236691217E-4,88.26089810104081,0.8975128118689926
-342656.7316,907169.6565,train,8.643829848014615E-5,14.48792681078928,0.36179210953067176
-942123.0211,154920.237,train,3.8438346497484267E-4,83.9733759943701,0.8642674449389415
-996352.535,846986.4605,train,4.911834280067232E-4,91.3960872751154,0.9220703908650378
-608403.4455,975866.0849,train,2.4269252633392105E-4,51.916192663383804,0.7166045167451585
-640639.0661,995059.785,train,2.5941339168416357E-4,55.80953201617406,0.740184974916684
-644156.7415,42652.9738,train,1.0819130862240357E-4,18.12828209373648,0.429994473696107
-1016103.677,690981.1483,train,3.567675162643964E-4,80.15170311909114,0.84332627930963
-940237.4109,-176154.9536,train,5.796303424603323E-4,94.81988361427359,0.9507810366769539
-318093.1916,-518708.4751,train,1.7118450934816695E-4,32.90449376432855,0.5890941400649106
-202026.2834,-120297.5715,train,1.0798362957262766E-4,18.08479274346973,0.4293791063964293
-56140.6342,407053.0286,train,1.3907321186264519E-4,25.070060069155335,0.5144905448122723
-603261.2052,1294912.716,train,5.0986221468880015E-5,8.954674713227359,0.2327169545157033
-729871.6852,344919.1934,train,3.340308392196451E-4,75.36396732673812,0.8236811321279516
-978170.7063,880083.3877,train,3.85855497237925E-4,84.0711798586803,0.8653015627428994
-659742.5863,1561145.57,train,3.910855189168142E-5,6.889437567931055,0.18387597461539062
-823439.1771,893404.0373,train,3.1758980746552734E-4,71.27386385407048,0.8079580803112472
-1120080.99,769973.1626,train,4.115839358239374E-5,7.239526390374017,0.19252155715673847
-475577.544,161061.0478,train,1.943526540512459E-4,39.555869273644355,0.6356941480907226
-542146.0328,793247.8,train,2.522116327400976E-4,54.28196993885458,0.7302793592264072
-920073.4763,786158.2764,train,2.966799649320494E-4,65.73267037443345,0.7859197351748427
-31962.1237,-449063.826,train,1.253503735178552E-4,21.60029051358163,0.47861124645476116
-1047049.795,51793.7461,train,2.7208109633032195E-4,58.814089317511396,0.7567341868916135
-829523.2276,1034113.36,train,2.2050568578151476E-4,46.81264650822073,0.681979647661157
-1091667.955,934144.6758,train,4.0984774929946295E-5,7.210305101232745,0.19179285249977251
-419817.9493,357116.604,train,2.0979804226011186E-4,43.51977526508711,0.6637862661784415
65279.9217,-502362.3049,train,7.882782753096214E-5,13.439141201851937,0.33605164410678523
-413754.2797,75517.1862,train,1.5130348178035184E-4,28.040211565239325,0.5443813112754894
-537000.5724,853950.5353,train,2.650357894872375E-4,56.95704659167631,0.7476647144033045
-912294.607,-45882.8173,train,3.0279436457866695E-4,67.64083539005763,0.7926136293540558
-992548.0792,701907.5605,train,2.9282765282411026E-4,64.91626580156303,0.7815918091467606
-273495.3211,-358890.1506,train,1.0904280402550681E-4,18.323633628686782,0.43251058249193175
-943385.795,485276.0516,train,3.2964595927301746E-4,74.54215774343498,0.8196181846584434
-319497.1438,917577.8639,train,1.2395080900801157E-4,21.306308717980844,0.47480617470402864
-552957.1419,842860.9055,train,2.069531750998882E-4,42.81255837984063,0.6587799383387136
-605616.2272,143970.9188,train,2.9015093917774375E-4,64.16940876928422,0.7785332103316671
-1048818.718,33256.5551,train,3.575729162694647E-4,80.27595103125324,0.8439805053014598
-628762.9404,-175487.3596,train,1.929879485134669E-4,39.13385343271329,0.6331019153181545
-926344.4431,865520.1824,train,4.6629481903698094E-4,90.13668614734154,0.9113128477027368
-249430.0767,341190.4814,train,3.42493165629938E-4,77.40831827189717,0.8312652444532782
-1047228.434,41458.2243,train,5.282199088153174E-4,92.97422794559692,0.9357113886341951
-620592.5165,895683.5708,train,2.0978815744631E-4,43.516594698386804,0.6637689989182952
-942943.0665,855082.9927,train,2.949961455810212E-4,65.51394918759796,0.7840386800547459
-398180.0586,-292961.9412,train,1.6797719969832245E-4,32.01297912507582,0.5821895953612586
-399135.343,356622.8357,train,2.288961850555625E-4,48.7188683045623,0.6955452585876811
-1036964.88,-46717.24,train,5.866809829942315E-4,95.0685817961524,0.9525513868799225
-634938.9877,856024.1293,train,2.5312093135004756E-4,54.40101184031759,0.7315505876318606
-1048467.828,-93113.6098,train,1.7187840034478248E-4,33.12442786949412,0.59057283749517
-552394.055,325138.3899,train,3.3965217305464805E-4,76.79138869966067,0.8287561783250939
-812446.561,890816.9756,train,2.4372268873386273E-4,52.17382758294169,0.7181172601017118
-934244.0866,-164004.4946,train,2.171007206573643E-4,45.73072022372021,0.6763036392027413
-903351.5803,644686.8692,train,2.602195829782391E-4,55.96317876639381,0.7412709540577733
-1035777.905,119525.0518,train,4.959125656575272E-4,91.50086778354886,0.9239618124631974
-193267.9437,739439.0154,train,2.0288216622909672E-4,41.93510247213425,0.6514859357310417
-634490.7592,983098.9648,train,2.677929748585177E-4,57.82093465544414,0.7512536475554262
-152920.5484,-425982.0012,train,9.577081533897263E-5,15.752147652169995,0.39199878778768704
-864300.4518,616690.9066,train,2.7418293277370716E-4,59.33398838271133,0.7593762258699567
111625.7836,-213260.5615,train,2.1052306751554253E-4,43.75306151918662,0.6650503597180935
-460781.3419,874438.6674,train,2.2022432245912032E-4,46.72642099408753,0.6815144171325587
-1151012.18,-54899.0558,train,2.2337227506864213E-4,47.61736518422185,0.6866809553832666
-111659.5227,286344.7092,train,3.416095065180755E-4,77.07836109580784,0.8304887918296948
-778102.9364,1142800.224,train,2.5681209853503113E-4,55.19170632874905,0.7366497263235293
-663343.1797,1741832.756,train,3.079134279496907E-5,5.3022799655024375,0.1478364287044457
-989598.6643,-218461.4736,train,3.1270688026864194E-4,70.08052395092533,0.8030237849062689
-948889.1751,791906.5294,train,2.973068423920733E-4,65.93453366895304,0.7866158495138129
-1188314.988,1048318.368,train,5.705280503566696E-5,10.01233645896288,0.25652379900223354
-653160.4752,1291020.005,train,6.615171776474465E-5,11.55275718101857,0.2908527106620574
-1278124.824,-51141.3803,train,1.6799968482091526E-4,32.018027411903226,0.5822384018405782
-1043134.975,26851.3326,train,4.238634442819348E-4,87.35757659100425,0.8894389625557019
-659998.8304,1713382.468,train,2.967217731868815E-5,5.08193319496241,0.14286697268772441
-1074244.296,915735.8003,train,5.8809043352891595E-5,10.297559955536721,0.26327683385180445
-810334.403,1178911.713,train,1.0961256239778862E-4,18.484476532413968,0.4341879730051501
-671041.3274,1766962.348,train,3.6397538756008756E-5,6.406529498777062,0.1722994485772409
-13960.0312,-76090.5061,train,2.0361356382123935E-4,42.121087651350145,0.6528077708232141
-873402.6483,-112095.3489,train,3.7964632817859766E-4,83.54843700120253,0.8608853667429693
-413685.3915,877005.6333,train,2.4971867557043717E-4,53.618654135467274,0.7267631646078503
-386125.298,357182.2883,train,2.1716215342135246E-4,45.75924274684292,0.6764069383897815
-888358.6969,885649.3368,train,3.1173430143957727E-4,69.84668642397538,0.8020259363024712
-699356.5867,1780266.633,train,3.3034037297674954E-5,5.746801150357869,0.1577081682749084
-475529.7057,703409.1248,train,4.965581684428434E-4,91.52283782330336,0.924216435286515
-1075227.888,1052806.417,train,6.043264547995522E-5,10.582254441749152,0.2694652830419795
-718554.5604,-252971.0447,train,3.444352384849122E-4,77.92530768376594,0.8329592281062831
-921150.4268,-106494.194,train,1.4965511254930834E-4,27.700667224741814,0.5404625810287083
-44839.6963,177084.6674,train,1.900262906179699E-4,38.253049145681764,0.6274126750721318
-722595.6318,1797432.105,train,3.200268961475973E-5,5.556302789666553,0.15318273568193763
-1083249.61,109747.9745,train,4.1728145941433034E-4,86.99427138704723,0.8855927416892974
-387516.0287,900153.8971,train,2.1720747407156442E-4,45.781507580740055,0.676483123928179
-484426.508,708452.4512,train,3.9333526542293355E-4,84.64414994933617,0.8704357032833315
-892751.4381,-205548.2915,train,9.693318050278317E-5,15.97388858278076,0.3956594921611225
-1000933.528,-44213.3431,train,5.12697571383324E-4,92.22055132735225,0.930311940800544
-856760.0379,901167.2012,train,2.7619628450087494E-4,59.75716452572482,0.7618801263178492
-693864.2022,1089725.613,train,2.9376167061789023E-4,65.25639830414454,0.7826491112213435
-954958.9621,805365.8461,train,3.1058855302681666E-4,69.56139360928488,0.8008439317108416
-874968.107,1214094.736,train,9.651629038768296E-5,15.894359700667927,0.3943490976756624
-154467.1472,673663.2128,train,1.511846388490851E-4,28.012877421451567,0.544099902713624
-442285.5195,-244032.9099,train,1.9205724932629112E-4,38.876508417277925,0.6313234985433566
-977888.0768,27153.3998,train,7.049850130830191E-4,97.28811945405681,0.974338358981649
-490547.9525,81558.9949,train,1.9877809415609865E-4,40.82371258702029,0.6439748619211307
-714137.7698,1780410.773,train,3.402974714782176E-5,5.9454033383849785,0.16205427976648212
-661413.3942,1279130.692,train,7.41028363422505E-5,12.70932840108212,0.31955083507940407
-949814.4216,92346.3673,train,4.776092550281521E-4,90.8970012902502,0.9163759842621081
-563467.8486,-206035.5597,train,2.3007485716705585E-4,49.005884143447176,0.6974039829801755
-930944.4435,-48027.5191,train,5.173534713797301E-4,92.51896119288655,0.9319774544426989
73720.5041,-486732.7955,train,7.954991680061559E-5,13.56219959811764,0.338537861661133
-883119.2246,210589.7092,train,3.453378118403941E-4,78.15570564889111,0.833740703768159
-908328.6395,154735.6286,train,3.267513649177337E-4,73.75172283781744,0.8168849397384639
-964142.8752,753160.4754,train,4.014020368817791E-4,85.49286075323624,0.8757536546090958
-563253.0165,78459.2383,train,1.8119022714328776E-4,35.72790420150901,0.6099092860610172
-583358.2964,-252800.0398,train,1.3971986965649266E-4,25.23723233204425,0.5161189826931765
-649677.4372,-245074.7255,train,1.969383523152929E-4,40.28160679404391,0.6405555153611118
-949208.6161,85057.6154,train,3.3909187139333615E-4,76.64295724039113,0.8282569520445487
-893729.6767,1025328.379,train,1.6535936325309163E-4,31.467934164394947,0.5764681353753377
-847896.5266,796248.355,train,3.294006348102526E-4,74.47683998197898,0.8193881259118471
-959956.6321,253088.8147,train,2.9990575425037645E-4,66.78757177871034,0.7894777417493644
34691.6558,-104199.8426,train,3.26160831784374E-4,73.59208576008838,0.8163222576691805
-350105.8527,255407.1936,train,2.0804458752902126E-4,43.0596307484995,0.6607093328993013
-1146522.069,876994.0557,train,1.6912702015730703E-5,2.53046061012369,0.08412019782958757
-54581.1778,-433133.178,train,1.180475408302541E-4,20.107443685002433,0.4584486532617311
-813821.6603,-156140.9957,train,2.5194897507532473E-4,54.23169720769436,0.7299110361235869
-522746.0275,-222313.3281,train,2.3665060134145672E-4,50.26271777776673,0.7075673797110186
-462923.6149,786395.5678,train,3.2276617016303475E-4,73.00358226916184,0.8130539960324659
5617.1427,498470.5182,train,3.097510181376386E-4,69.38729471023319,0.7999754312950018
-655539.53,329845.0378,train,1.565350815235775E-4,29.195117962179317,0.5565986186890255
-413923.432,659763.5338,train,1.8189077464326163E-4,35.97281572847985,0.6113265196126385
-175676.7659,311534.658,train,3.515594375991479E-4,79.22633687689122,0.8390290256842725
-1069596.399,-58440.0216,train,8.805427888086888E-4,98.80140541365459,0.9896923657460327
-558290.3842,886385.3659,train,3.585881498908959E-4,80.5087166354663,0.8448012882435246
-1514085.531,-7063.4776,train,1.2039545255959137E-4,20.55872451136991,0.46501469354181035
-980945.6849,-303408.6807,train,2.784508086708775E-4,60.369252818176555,0.7646530494146637
-511321.0496,325630.9582,train,5.135951679471802E-4,92.27660296683901,0.930636172611107
-917319.9733,889083.2465,train,2.7036410461624285E-4,58.34891164727757,0.7545543893831413
-781258.0471,376588.1978,train,2.0355639085170089E-4,42.10492194855418,0.6527046245390695
-1022704.976,916419.6811,train,9.906742606991175E-5,16.368687933882928,0.40232370438320375
-1180267.357,1399959.42,train,9.852280487223695E-5,16.273300897417972,0.4006301330590687
-1094152.698,-200117.7882,train,2.587177358910844E-4,55.64489339930193,0.7392442295780017
-592854.941,684358.1136,train,5.133381276971316E-4,92.2600688221332,0.9305434784146605
-850399.0781,1016608.252,train,2.6281128669248047E-4,56.548277411856084,0.7447314490054471
-356554.2976,-313477.9456,train,1.1278685612160216E-4,19.10434612880729,0.4434428645636047
-726002.1188,1581909.429,train,3.575164926079227E-5,6.308583809817789,0.16951724635229415
-321235.6462,-201546.6276,train,1.6635122081454497E-4,31.70711737921468,0.5786450691219617
-886839.0103,793727.5549,train,3.1495348461013314E-4,70.71554705003393,0.805309576260883
-883246.0024,195942.2124,train,2.7975991166765763E-4,60.743141541186326,0.766248321069626
-843825.6021,892518.1461,train,2.624366410783804E-4,56.481420059915465,0.744234091079109
-1020922.501,-31207.1384,train,1.935661609170858E-4,39.30155150523748,0.6342024633841838
-1083473.687,10762.6226,train,3.754153351444309E-4,82.91019576657892,0.8577934657740761
-743104.95,1863102.379,train,2.942835283639073E-5,5.035238767508855,0.14178047454686304
-536541.2045,320387.846,train,4.6428081421847467E-4,89.97452411448107,0.9103799721407749
-670118.1247,1718055.128,train,2.9485313093922546E-5,5.046147133182368,0.14203441647456005
-634384.2242,-275126.0305,train,2.1743921848730614E-4,45.89535746813015,0.6768724138224163
-326560.1988,914903.95,train,1.6737095802327005E-4,31.904838473169523,0.5808715282847492
-897547.4194,790426.2073,train,3.037453320135574E-4,67.90719778022721,0.7936357490628412
-175750.9093,945735.7768,train,8.369760752013119E-5,14.18263873028361,0.3526394719474627
-1070284.687,-52756.9879,train,7.819619661173308E-4,98.30129824434994,0.9827973637906382
-1039478.711,-157845.7002,train,3.527637278896173E-4,79.51876593341866,0.8400330613351539
-908620.0501,-236809.9607,train,4.514690157272474E-4,89.0496956017266,0.9042114966746444
-834233.18,892769.4098,train,2.981498054120094E-4,66.21842350839984,0.7875483484439861
-77867.9333,325108.1948,train,1.7174348685655285E-4,33.080133530369515,0.5902857511230418
-823459.4227,352423.5301,train,1.7430063460809297E-4,33.676287906900534,0.5956930885394675
-577329.8501,654654.0439,train,2.8032575297214557E-4,60.98884590653144,0.7669345033546476
-247298.4005,-367987.3842,train,1.0390659192261722E-4,17.257272235482766,0.41716312041709547
-966259.3864,692480.3075,train,3.1698888092279113E-4,71.15286069834042,0.8073575652567164
-893157.1524,-89613.2167,train,4.0174180994116806E-4,85.539966086693,0.8759727925762771
-1041414.11,11678.7755,train,2.1912253380314481E-4,46.38225091452532,0.6796860642006596
-814768.0813,708618.4055,train,2.9138572767145566E-4,64.49886855506288,0.7799494514160976
-811731.3801,-147175.8017,train,1.542097525874216E-4,28.62521384672285,0.5512092756055567
-924761.9,316305.1448,train,2.097172053513164E-4,43.49754485304866,0.6636450304131696
-766167.1306,-227566.8324,train,3.452510474923632E-4,78.13237890847932,0.8336657396436511
-1067340.968,66792.0847,train,2.719023357656493E-4,58.76012293478897,0.7565081481778597
-528242.4839,790416.0427,train,2.3969076561921717E-4,50.98077276883687,0.7121501261983515
-722851.942,1011169.394,train,2.2886035199122168E-4,48.71476751229307,0.6954885726342358
-368418.4149,928511.0796,train,2.7126260783256285E-4,58.54134571090633,0.7556975044639269
-1003705.734,-30751.0581,train,5.5308812412887E-4,93.80080217143787,0.9435034603161687
-838098.4748,-156308.3096,train,2.0047586472914008E-4,41.32775239795898,0.6471014739979248
-552804.1967,409709.0491,train,3.1438766481337363E-4,70.51605041347163,0.8047363981783685
-1024549.809,873800.6839,train,1.2866968413106393E-4,22.463785724372954,0.48752577656487117
-56860.6103,187798.8352,train,1.7640959930598465E-4,34.32226701844605,0.6000989584550207
-1051950.581,153640.3966,train,3.978688461694038E-4,85.07114386699237,0.8734518351750723
-1074482.239,1799442.432,train,2.922494439519199E-5,4.996729919902398,0.14087301932570306
-767361.9767,1147253.814,train,1.4940814502507736E-4,27.627599415773712,0.5398725596848197
-294285.0656,-349163.9558,train,1.0255420807913279E-4,17.01526291608242,0.4130534974846042
-1093550.621,-209186.7985,train,2.5834977350703924E-4,55.549412119830336,0.7387452521646983
-369368.2442,356009.4022,train,2.0389261308035773E-4,42.1999890522177,0.6533107666994493
-229800.7144,-386345.8197,train,1.0601912184063893E-4,17.722954755485404,0.4235251703366073
-741834.8755,1815641.249,train,3.703214294478917E-5,6.502765572821002,0.17502396078492544
-761869.5541,1141754.702,train,1.3682351243531895E-4,24.49477356019852,0.5087824511572419
-459419.5062,672490.2983,train,2.2120344228352843E-4,47.008072242286815,0.6831304485244938
-924488.3162,861015.0683,train,3.607820033272589E-4,80.80636724416213,0.846560229457362
-960780.3655,743102.5093,train,3.2495157941927626E-4,73.26273104197135,0.8151646356007497
-575174.2326,36731.0206,train,2.1462734329999358E-4,45.03047109247071,0.6721171500984459
-1147905.392,883967.597,train,5.2160965228985655E-5,9.160913500463627,0.23738572392500512
-967173.0479,-77895.109,train,2.4925950323610903E-4,53.53956451418064,0.7261105430214845
-16580.9626,509674.8351,train,1.1120306837940867E-4,18.802765638711193,0.43884429129756997
-389590.8553,-293559.0415,train,2.513849539784144E-4,54.003440524625745,0.7291184125147958
-305470.9915,344266.8373,train,2.6126179558385963E-4,56.240032235164,0.7426681411400076
-634053.9151,-161803.059,train,2.670039446589795E-4,57.524939346664254,0.7502318398693535
-944043.5181,53474.7993,train,2.0832548315640506E-4,43.131194723341906,0.6612041313877998
-279095.153,349215.2521,train,2.178834457242286E-4,46.06738729578634,0.677617328411241
-573766.8275,-247427.6671,train,1.8543977913286898E-4,37.06497353972584,0.6184275601608676
-1169609.266,2078873.27,train,1.3258207367667594E-5,1.8370880074273965,0.06656427589939173
-826724.5299,976316.2759,train,2.3357877308706205E-4,49.63746848742339,0.7028627949008065
-331643.339,860014.8773,train,2.015768387241806E-4,41.62235773248544,0.6491143347223525
-712968.7152,1839391.679,train,3.171754105473212E-5,5.50363351611449,0.15192725230922832
-1004436.017,913520.0476,train,3.5884862773889514E-4,80.54646179926613,0.8450111790464448
-167036.741,-410006.819,train,1.2621871884619767E-4,21.84670650773422,0.4809581928885277
-437063.4879,893421.0943,train,2.6177294464988724E-4,56.34892252968785,0.7433506258402196
-1017193.74,-153348.3219,train,2.0110248239864746E-4,41.49504028168472,0.6482485021208715
-926080.1016,972280.2681,train,3.081145436011881E-4,69.0366695755824,0.7982675074729076
-39031.4903,63895.7619,train,2.992491424351221E-4,66.56182755569495,0.7887583324543115
-893743.8307,-98615.7993,train,5.507233655257759E-5,9.624320090414592,0.24883427234865163
-19912.278,-455983.4688,train,9.869057638676932E-5,16.302685041191303,0.40115235149898876
-1018435.713,-136876.7482,train,3.9623870749528885E-4,84.93165902274663,0.8723754960043818
-320880.0051,-332399.6502,train,1.1253696321296212E-4,19.05607513605576,0.4427198051545266
-1004559.571,763590.7101,train,4.340829620469017E-4,87.94118363190124,0.8951561481387454
-387659.4925,214465.82,train,1.5380674348136606E-4,28.552490330035727,0.5502685958027058
-1108114.769,61074.4519,train,2.3880406037895554E-4,50.796965339067015,0.7108209749216945
51673.0508,-113736.6037,train,2.7225167585025347E-4,58.86427984706331,0.7569496852040473
-43082.8814,-444865.4066,train,1.384022832328153E-4,24.912967220496874,0.512795194270254
-431350.0122,664631.0218,train,2.2248262629241564E-4,47.36084163598643,0.6852293860080305
-933756.027,-241187.9265,train,7.294178817508514E-4,97.83735588198779,0.9773976009898365
20115.0451,-477134.589,train,1.122764660225759E-4,19.005809970365004,0.44196506246769085
-736451.9047,1026176.263,train,4.1441104875034404E-4,86.70685973189912,0.883873771494563
-1022617.261,999120.9713,train,8.250615296123371E-5,13.98767736541469,0.34861974162595244
-711967.7523,1774928.842,train,3.549184342384617E-5,6.26918564359309,0.1683954836320951
-958960.217,130220.1979,train,2.8379588190094305E-4,62.09165246015957,0.771098811384202
-1027340.618,-11449.2832,train,4.327537224254693E-4,87.85863878820774,0.8944295821189421
-789874.3532,-108809.6373,train,1.1779226902687986E-4,20.05909276418751,0.4577299347165219
-890886.1153,162341.8355,train,2.8913220172814064E-4,63.81349950999152,0.7773579094648179
-524415.866,857763.2306,train,1.948743732818491E-4,39.67091394352752,0.636680297829219
-924561.2722,-246674.5179,train,4.108445379525953E-4,86.27065734453001,0.8817019100245531
-64695.1388,204346.121,train,4.503778858807907E-4,88.97679564572239,0.9036669316499298
-826659.0655,-157583.119,train,4.536012392239322E-4,89.27359205920496,0.9052667849548776
-666487.1686,1759740.433,train,3.529098584712831E-5,6.232385042257301,0.1675272031858248
-194248.8814,713210.8456,train,1.2440940232928297E-4,21.392184638028354,0.4760560261477399
-472879.0063,847383.015,train,2.037150939931178E-4,42.1497953885319,0.6529908668476612
-458094.8332,852852.2694,train,1.601603646059567E-4,29.97203624899295,0.5648720127671714
-797033.3392,985147.7187,train,2.2851579158168547E-4,48.67533547683365,0.6949429578932544
-133154.4283,731653.5082,train,1.1864496803048696E-4,20.220602110137197,0.46012699011694536
-1166214.896,1391368.414,train,2.5330741872014805E-4,54.425426054628126,0.731810561587958
-736142.7427,654554.9796,train,3.086996556936149E-4,69.16823041704252,0.7988798343387873
-997233.5853,44531.0572,train,6.884674034256728E-4,97.17183541676262,0.9720388863756056
-657806.7715,1269409.804,train,7.63609890249209E-5,13.0066861883426,0.3274873929774438
-707463.8263,1880320.009,train,4.3847482946124344E-5,7.711592999122966,0.2037245545436812
-1032588.107,924422.9078,train,8.352964591379281E-5,14.154346652485756,0.35207430848301424
-347823.7641,-317311.2736,train,1.0963061882177771E-4,18.489573864557947,0.43424105067943586
2331.7165,-80589.9119,train,2.2422536432863086E-4,47.80760844868133,0.6880665861348163
-1109371.501,849335.9659,train,1.5088779757200722E-5,2.208379004084866,0.07539987626302658
-1206472.734,1011706.326,train,4.660946331424046E-5,8.197660316542958,0.2150694352366158
-504973.4933,324243.9615,train,4.6172248270983035E-4,89.8479480976529,0.909180805011828
-1146583.161,-74271.6271,train,1.2883391236777786E-4,22.50069348601052,0.48796285856890287
-848269.497,817375.1873,train,2.968791047080432E-4,65.75822657409398,0.7861411151511202
-866765.9609,877431.6622,train,2.7203872545485466E-4,58.80162230694568,0.7566806288536679
-1015167.123,-136539.8046,train,2.577159705991733E-4,55.405453607171246,0.7378835404374412
-108759.237,-424004.2168,train,1.1264533444941791E-4,19.07700885201393,0.4430334901293942
-1279347.605,1417860.722,train,2.515514716337834E-4,54.07082545979593,0.7293526628711832
-600657.1815,404398.6632,train,2.1732788919831794E-4,45.84066434003919,0.6766854586798063
-1052542.472,155206.8565,train,5.058790273961505E-4,91.86277177280947,0.9277989338868561
-637615.135,-81353.6666,train,4.1632441543026043E-4,86.90587787202911,0.8850224540100391
-1171964.0,-80246.809,train,6.347138690259562E-4,96.18191474530995,0.9630305509877776
-1222403.667,1394618.081,train,2.519353666640737E-4,54.226189811593365,0.7298919394399066
-968475.5965,964181.0026,train,2.9098484470916984E-4,64.39690993041495,0.7794906542328586
-488938.8541,335837.7198,train,3.9737165601187556E-4,85.02052747857935,0.873124518781253
-759831.8216,-238146.4129,train,4.290777144957287E-4,87.61553122559961,0.8923939426755426
-265976.2026,350186.4304,train,2.1997320548585022E-4,46.63940907753278,0.6810986237992074
-1052782.711,-170735.4275,train,2.9916653366602203E-4,66.53342251674201,0.7886676491623562
-772704.9002,883339.1028,train,3.022562840150115E-4,67.46567334921893,0.7920330480418005
-968203.4849,978715.1596,train,3.499574882660096E-4,78.91293670938096,0.8376836819994168
-552190.486,659083.1449,train,3.89601264215118E-4,84.30203946577552,0.8678976098197098
-712381.781,-253553.4908,train,3.123437807798609E-4,69.99671572193799,0.80265184097848
-865806.7964,915247.9528,train,2.5796088404183746E-4,55.45832111706033,0.7382168585959482
-387409.0221,-299322.3814,train,1.223247450975217E-4,20.974603911175553,0.47035041909902164
-711191.9538,1832962.097,train,2.9664358350599658E-5,5.080435797183772,0.14283215220166978
-941973.0956,-52250.0899,train,4.7104897127764274E-4,90.62272875805677,0.9134766101559663
-1074034.449,-195477.0179,train,1.258893077406405E-4,21.757880721290647,0.48006911336957725
72961.8969,-182121.1881,train,1.2815909554958724E-4,22.34903882069141,0.4861644960429219
-459174.2332,-223628.503,train,1.8817871015508898E-4,37.74649806917058,0.6238189415877511
-857591.4679,1041325.638,train,2.669552480175619E-4,57.503876497498794,0.7501686395370938
-914435.8214,42980.6387,train,9.98545601730485E-5,16.506964191660856,0.4047629490430975
-922515.3263,165181.0957,train,3.1095553745700714E-4,69.65319918861616,0.8012232952231853
-711260.2526,1868112.976,train,4.212952508897491E-5,7.399051579808771,0.19658544915077059
-1032523.953,-62705.9706,train,3.633889930994265E-4,81.20001833090855,0.848624505357132
-524975.8017,788811.688,train,2.3590535640245988E-4,50.11617413745413,0.7064329065175594
-1082742.041,943391.5287,train,3.861970805269013E-5,6.803228326409132,0.18180055330227862
-259461.0631,341291.4172,train,2.653229390825594E-4,57.02446066042133,0.7480408899938225
-1102758.361,1051352.338,train,6.107735162420545E-5,10.720947433247217,0.2719081727365481
-966361.01,-871.3217,train,1.5683632672103284E-4,29.26471283215124,0.5572920535852943
-421615.2996,-252844.3039,train,1.7613184104016167E-4,34.24511867121359,0.5995214461174154
-985699.6907,-4652.4023,train,2.4046506863584655E-4,51.29758982525271,0.713305791471007
-150003.7557,-112135.3315,train,1.0424184644034316E-4,17.325192388604407,0.41817743302630894
-370102.3574,907402.9908,train,1.6289512738590906E-4,30.709846157747098,0.5710108106393603
-378715.0794,352236.681,train,2.5006759126842504E-4,53.6787527266753,0.7272580384618847
-983298.8527,846159.4501,train,3.886900411508994E-4,84.2414782159417,0.8672707186450322
85549.0851,-194058.3792,train,1.0987082196935756E-4,18.542685529741647,0.43494666517978176
-1026073.242,-19718.601,train,2.285091249243318E-4,48.6745725340756,0.694932391541901
-102363.8395,687270.4434,train,1.7861907565950498E-4,35.03996190720795,0.6046633185905512
-389098.9409,355561.6547,train,2.0233371506405082E-4,41.814539351974254,0.6504914340672305
-1133842.636,-247469.9873,train,1.0912422436802026E-4,18.346618607845365,0.4327505912972206
-695908.3322,1352564.019,train,5.82200575580633E-5,10.20169335981299,0.2610189471680383
-490271.7034,661611.3289,train,4.654855024803584E-4,90.04649056344354,0.910939149631643
-917126.3558,-108845.5252,train,4.67797458088238E-4,90.3392771378361,0.9120025307607244
-1002032.859,849722.7496,train,5.927036477848343E-4,95.21813545272505,0.9540131047388779
-524290.9582,807856.9339,train,2.7303955816518235E-4,59.081669640091405,0.757942566430182
-414189.2555,210396.6386,train,2.135958626486198E-4,44.64864208264643,0.670355286221779
-533654.8357,-59799.4508,train,1.8438739992405746E-4,36.754471570628105,0.616335542138766
-874600.3896,-293001.2702,train,2.251287612253303E-4,48.11153759259607,0.6895272491212983
-888558.3947,309424.1124,train,3.167370796039826E-4,71.10215773878384,0.8071053784240397
-788099.4539,-100229.0939,train,2.2371371475220678E-4,47.68460326799121,0.687236276225839
-364493.793,360344.4069,train,2.227965730514054E-4,47.48807238173761,0.6857423942927767
-103185.1452,259105.9123,train,2.3335605594924095E-4,49.601801823091094,0.7025187696660914
-881078.769,-264752.0112,train,1.6983340276702634E-4,32.57558050935631,0.5861995605813517
-618573.738,695927.2366,train,2.823661553611127E-4,61.64560942778845,0.7693921656980031
10952.4956,-97215.7375,train,2.2102644928746144E-4,46.95851331706526,0.6828389310287525
-104425.0643,265579.4357,train,1.7841128881764556E-4,34.98326047048862,0.6042362988657618
-720321.4845,699577.3915,train,2.9546414045714304E-4,65.57682156110883,0.7845631462829761
-759325.7547,979514.1625,train,3.1900604997632157E-4,71.67576465207294,0.8093659588535002
-279166.7822,-357038.2587,train,1.034700174140373E-4,17.179147152727605,0.4158396130347406
-116421.0017,579523.3593,train,1.398200902405201E-4,25.262357482848408,0.5163708726132057
-966098.359,-88400.2967,train,2.4097517830367308E-4,51.51334407630971,0.7140646056505647
-607512.391,956742.5802,train,2.613524728648028E-4,56.26498133208252,0.7427893454563015
-902366.2251,-64940.3931,train,4.678847799435104E-4,90.35632151649602,0.9120424445501595
-434666.5389,839115.3113,train,1.803860176767566E-4,35.49328146944356,0.608275968060987
-534703.0319,887853.3623,train,1.9928755910577015E-4,40.952726776069824,0.644915989856023
-658196.1944,1724811.087,train,2.59492373488497E-5,4.349344349401789,0.1261264290070344
-612996.942,-57639.9646,train,3.2998707592600453E-4,74.62188431878064,0.8199375878301894
-915753.287,65337.7435,train,3.0652904483221064E-4,68.52757008651548,0.7965988773690836
-241071.857,348360.3097,train,3.477732826498458E-4,78.57229073315858,0.8358312146123696
-666150.3097,1320425.538,train,5.569855362709441E-5,9.762785082590538,0.2512742323454321
-814716.294,493234.9733,train,4.444134339442452E-4,88.60387107206817,0.9006349910259459
-47327.2559,-83194.48,train,1.0687734598648209E-4,17.880030019236436,0.4260898996469109
-1044204.423,1288815.773,train,1.6836735119198158E-4,32.18712343849261,0.5830356545977936
-806149.519,416675.6993,train,2.6658718534278863E-4,57.394122002669675,0.7496904364456936
-1006832.273,779610.9384,train,5.091942253931428E-4,92.00442313393913,0.9290318871396746
-971352.4296,-172358.065,train,4.367316731116256E-4,88.12346849318128,0.8965890652404018
-1237437.179,1395858.207,train,2.5158931923249773E-4,54.08614258342969,0.729405877094466
-1033009.457,-150451.3793,train,2.641946594365515E-4,56.759602541254594,0.7465595706525039
-950689.4076,866171.7505,train,3.0718448414521004E-4,68.77550599195565,0.7972903498783511
-464183.6082,685111.9635,train,2.4655191162266144E-4,52.870297077176694,0.7222304237637258
-489777.8974,751804.3992,train,2.875255423188368E-4,63.38437041783851,0.7754916444706456
-425604.3987,850194.2826,train,1.846453249247063E-4,36.82835577018295,0.6168493282853916
-177786.0288,-435990.4278,train,8.938459793573587E-5,14.879114238808409,0.37148710573942667
-1043355.246,782324.6511,train,2.3751962993475283E-4,50.45755894774981,0.7088847508895741
-790100.306,376607.6446,train,1.8244351675607653E-4,36.20939108957088,0.612441102449947
-1075988.534,1361330.92,train,1.8779503526016646E-4,37.624609194832345,0.6230683190939896
-461834.9979,354390.4852,train,3.6661138711838133E-4,81.68221996777815,0.8511377348720404
-1099094.527,49547.8828,train,5.609946094426881E-4,94.09481891956368,0.9457772179135485
-473493.3654,874069.141,train,1.8823747637687613E-4,37.765171453269765,0.6239337798820734
-267643.4567,648284.5534,train,3.6362927003413207E-4,81.24243690116494,0.84881335881687
-774025.5969,-231511.6257,train,3.5137933476617054E-4,79.17723552619692,0.8388783304005408
-30238.9157,477694.96,train,1.4411656259295753E-4,26.230026583555652,0.5270470205483351
-699595.7991,1884335.566,train,4.008204376924771E-5,7.058368843856283,0.18799333622343473
-436031.5842,350404.9937,train,2.2977202675049914E-4,48.91496811777437,0.6969275160822173
-889522.2374,824701.5735,train,2.4295671428510102E-4,52.00132892454189,0.716993236174053
-312410.0044,-279836.6121,train,1.603580706855346E-4,30.02456540187057,0.5653187399178417
-659532.7381,1345501.867,train,5.4465484911838135E-5,9.494036235484844,0.24646218074068948
-790466.1747,961594.2114,train,2.4479145359964397E-4,52.4516723115685,0.7196781554164078
-503290.5713,874096.9148,train,1.7986254022118097E-4,35.366367497952574,0.6072091330677704
-973662.3632,-19927.4029,train,3.4478301010298657E-4,78.00795067078697,0.8332607734784742
-49161.5609,351906.8527,train,1.4254549957608409E-4,25.841898975732903,0.5231707545356667
-769427.728,1147015.629,train,9.894821603128215E-5,16.347809032455114,0.40195341462822887
-954072.4343,30056.9982,train,5.861357890249614E-4,95.05504125671452,0.9524167952255012
-99091.9119,-102308.0826,train,1.1558646991739779E-4,19.688279612877285,0.45147963469107777
-623997.8659,1291132.15,train,6.266448750139928E-5,10.979587404060348,0.27788731986780324
-625855.6556,858218.352,train,3.6180233471402575E-4,80.94371242828828,0.8473714835557141
-930692.137,773710.1292,train,3.036497241382338E-4,67.8841026564252,0.7935332159037931
-811209.3138,419125.7923,train,2.8223505871792775E-4,61.604933829322476,0.7692350419332494
-961731.0148,870244.7299,train,3.0568969939386633E-4,68.36671763679799,0.7957099429881812
-675199.4611,706124.0953,train,3.0241761345351816E-4,67.51437605022957,0.7922072906200098
-1090666.649,30235.4138,train,4.399360877520524E-4,88.33986631174562,0.8982964575940576
-960346.2108,996517.8556,train,3.755927856085335E-4,82.94262168168218,0.8579245120991018
-880837.9129,949805.944,train,2.8469313572368347E-4,62.46702520410131,0.7721633951078419
-1036686.167,11516.5783,train,2.996615377465549E-4,66.70362975191298,0.7892104553140913
-1036347.99,26628.948,train,3.4022680901935813E-4,76.86545093757661,0.829266669119127
-956247.0519,927414.8203,train,4.652862768077797E-4,90.02428753828772,0.9108469168598052
122396.1757,553990.0035,train,2.380260723721059E-4,50.58653748896954,0.7096497345238356
-1033150.573,85642.0902,train,6.611328786833524E-4,96.95366470676602,0.9677721304493409
-704607.3023,133738.2279,train,1.7252523718874993E-4,33.31743260845666,0.5919464688233556
-481327.8295,699682.1735,train,2.2161022457254878E-4,47.10625205154779,0.6837994268312493
-949601.2856,821460.3298,train,3.024546073893292E-4,67.52554391030328,0.7922472250459917
103362.1251,544800.7932,train,1.4885376719930116E-4,27.462277165052456,0.538545354968899
-785220.8875,308846.7439,train,1.940969865534683E-4,39.495574860192626,0.6352099105229951
-944112.3408,103714.055,train,3.4113945639521206E-4,76.98307794186262,0.8300743139654704
-516727.1562,398309.1303,train,2.30097773212293E-4,49.0127640195864,0.6974400080940292
-565730.867,930023.0248,train,3.393427210835023E-4,76.75142018047202,0.8284806376805731
-693086.11,350025.0968,train,1.4875833326001694E-4,27.43328432087751,0.5383164960287927
-577114.8932,79465.6131,train,1.6677859179202353E-4,31.79917290603618,0.5795796123119827
-247177.119,739099.6732,train,1.1918689669939707E-4,20.326921586638647,0.46164491690137743
-494682.639,329552.7959,train,3.1993863127570995E-4,72.00730809814874,0.8102873919111655
-972294.0743,242483.4098,train,5.494300582959912E-4,93.65386403229729,0.9424194454537117
-941125.8947,309896.68,train,4.880099168267247E-5,8.599471819612399,0.22395605417756903
-646087.5529,59458.1352,train,2.4337571016014257E-4,52.095700024970135,0.7176086429564877
11269.4106,-468096.8095,train,9.404278841036189E-5,15.497969558247576,0.3865155852057771
-674633.3938,-242350.8894,train,2.925901786630264E-4,64.82043793371113,0.7813221708564883
-65106.8492,317499.5203,train,1.4005601153813433E-4,25.317203374194996,0.5169633090995922
-689536.6225,-264794.4561,train,2.6852267184881935E-4,57.986331885297936,0.7521948967895576
-360770.5278,-103088.074,train,3.8541819385980365E-4,84.0449068323292,0.8649951779668177
-388060.2337,-48684.436,train,3.716877174248026E-4,82.39449834374226,0.855012526476218
-912512.5623,1032445.088,train,3.445391096451821E-4,77.94999119013593,0.8330493496510059
-878178.8546,232325.6997,train,3.9234241715461066E-4,84.5073906347223,0.8697656379248768
-813631.8576,362364.2353,train,1.7491441083094243E-4,33.79177903788019,0.5969803219106569
-31697.2598,386508.2853,train,3.083077738827974E-4,69.08011687187506,0.7984699311903283
-832048.528,-153807.8279,train,1.4073130857246782E-4,25.474193303236035,0.5186550804223652
-970292.4224,887204.8042,train,2.5448279456515753E-4,54.646409387835135,0.7334433179919668
-334570.7269,212683.1464,train,1.7133795670059334E-4,32.95103953691896,0.5894215990905323
-784689.7267,-280780.9121,train,0.0013986041423178174,99.85729161348885,0.9993014224452456
-942133.7372,758176.6571,train,3.140350940841001E-4,70.41410530725528,0.8043783893674423
-445788.8639,-228434.4568,train,1.8740665758671884E-4,37.50156158734999,0.6223069706364417
-946818.4389,-190812.7425,train,3.9163975373028163E-4,84.45473170048602,0.8692893229319247
-669146.2655,864758.3045,train,2.4009473101725657E-4,51.129760940402726,0.7127536339839999
-969541.0606,-231542.5492,train,1.769249182539657E-4,34.45971142999753,0.6011681997804237
-722500.0211,1823150.639,train,3.18895723892484E-5,5.535409112022416,0.15268491331044043
-954254.0451,-64192.5295,train,5.590554496743284E-4,94.01263564143848,0.9452281661309581
-1107884.849,-113.9903,train,3.3038996123797165E-4,74.7160476083736,0.820314099449574
-793527.9798,-208865.2352,train,0.001092679876048377,99.10482497471241,0.9965762923711449
-1046659.866,-17844.6006,train,3.086521001675619E-4,69.15753768806871,0.798830136374649
-706813.8912,-217452.6038,train,2.82906756230036E-4,61.80967014561576,0.7700389647514372
-479017.5136,351360.423,train,4.8631204134331205E-4,91.28815504538186,0.9200728720243024
-503603.6399,88460.7943,train,2.772570040562168E-4,60.06513553572823,0.7631887910893822
-616878.7093,65841.0923,train,1.233334029253073E-4,21.18635683863932,0.47311878423847464
-979678.9554,172831.467,train,5.668550538725583E-4,94.34919172746773,0.9474033123401879
-539790.3857,85006.6303,train,1.9584306730138985E-4,39.918536582026306,0.6385042417939195
-1361209.868,1414632.881,train,3.187176656106214E-5,5.532120229779867,0.15260652423476584
-855430.7598,889202.4112,train,2.666049269671206E-4,57.39941086143663,0.7497135081216614
-96507.1244,-424985.9963,train,1.636864700719547E-4,31.00618668080841,0.5727709489599561
-801717.3267,885784.2816,train,2.1146594095462152E-4,43.95861794152142,0.6666871685044458
-1337012.812,1424724.321,train,7.64466115851347E-5,13.02219808253624,0.3277864957108959
-635596.4415,1726137.484,train,2.639427383314989E-5,4.450221855319069,0.12814465859568813
-1123173.252,896511.7384,train,3.8869284735676304E-5,6.847242006905121,0.18286080746792222
-1073975.121,-2393.7405,train,2.755829655664303E-4,59.612234960791206,0.761120145767249
-319361.9793,759352.914,train,1.7683302008894255E-4,34.43520061147678,0.6009777288783473
-897318.0654,-185749.9537,train,4.5116349050967815E-4,89.01761359250457,0.9040593251039638
-196296.7113,325751.2748,train,3.657656191478961E-4,81.55224836368777,0.8504821653843895
-764607.0694,-265555.9966,train,3.6909937105961984E-4,82.04603973223313,0.8530495972872156
-36862.7369,505233.8326,train,1.2774925708129286E-4,22.256933950052986,0.4850692098218514
-132162.623,-428434.8487,train,1.0002626643291776E-4,16.542940118604275,0.4052937243609406
-1090627.465,-192568.9128,train,2.2531060253883452E-4,48.15597376415353,0.6898204324363745
-673668.9565,914275.6584,train,2.3652863048579455E-4,50.23732140580014,0.7073820061310276
-295919.4294,324652.1385,train,1.911556385003646E-4,38.60947591331239,0.6295924450088572
-1093751.781,-23968.7337,train,3.358815611786737E-4,75.68204477758965,0.8253683921209463
-195892.1112,-397993.2463,train,1.0557798285080257E-4,17.61454908411302,0.42220240771114814
-438555.3919,688566.9926,train,4.0020949008499093E-4,85.32752888546986,0.8749814480147604
-953485.5532,142770.7699,train,2.907840570601337E-4,64.3458425754311,0.7792605000462529
-728164.2665,938489.1809,train,2.539398555126091E-4,54.50822226426257,0.7326903410540886
-1054541.428,776516.7275,train,1.0028427643053451E-4,16.596998420450696,0.4060903904684833
-839694.9816,-256067.7219,train,0.0012497893617309556,99.58535097365193,0.9984864469868384
-716241.9007,110319.5089,train,3.0367637001573594E-4,67.89053925840639,0.7935617969746313
-939460.1382,-209136.6252,train,1.0675174812097872E-4,17.858284524217687,0.4257152751521631
-593242.3262,1332259.641,train,5.5046410357713936E-5,9.61848486342471,0.24873308362148394
-30611.5722,428748.2571,train,4.113436462275036E-4,86.32457424595573,0.8820082741241602
-889565.338,239445.4523,train,2.2688138419288894E-4,48.47509586689482,0.6923415111595806
-695394.5049,1715869.082,train,3.291512911593806E-5,5.724837835688237,0.1571876489921733
-965297.2612,120605.3479,train,3.178556589576495E-4,71.36180307747591,0.8082231521442943
56242.4916,-532351.7634,train,7.802082248306439E-5,13.303494611727318,0.33326199446684324
-841052.7768,-148863.5091,train,2.666952121213546E-4,57.42632527584203,0.7498308843736754
-1047249.99,-94372.8635,train,1.887689388249491E-4,37.93854692393896,0.6249707489282577
-831209.7672,-242461.5551,train,7.153779838201224E-4,97.58731626829655,0.9756872596495745
-694894.046,1763068.261,train,3.0496681924654434E-5,5.239832722301312,0.14653084041626485
-636471.6877,705794.7782,train,3.0211703153536603E-4,67.42363531856601,0.7918825320258986
-975353.4072,-103192.2453,train,4.8481705962891646E-4,91.25503168216014,0.9194496451929502
-444371.6609,854394.8569,train,1.6287972665783397E-4,30.706363843178995,0.5709764838398768
-444991.5552,824304.5264,train,1.8141163469830696E-4,35.8014640260601,0.6103577593890525
-286408.2615,-499755.0279,train,1.3504992925626546E-4,24.00512504219804,0.5042351234895444
-1101933.768,1350127.769,train,2.4428387008625113E-4,52.30808591193604,0.718937927322068
-647945.1138,1274176.863,train,1.0144052850730311E-4,16.82405777810921,0.4096475012847487
-702021.9916,137641.8137,train,2.06318439155469E-4,42.6621421302761,0.6576528128076873
-1046134.63,795854.1617,train,8.608759357710171E-5,14.452606429363064,0.3606281763032222
-533905.9908,88294.8335,train,3.4381339608526164E-4,77.7775356670384,0.8324186818024609
-1085796.082,919900.5821,train,5.763162826021486E-5,10.106235739399168,0.25875628373319726
-82136.8267,-431451.0884,train,1.1071092159173582E-4,18.707983306778818,0.4374076057221946
-904928.4681,871416.2697,train,3.4359976385093713E-4,77.72346083426928,0.8322325752078099
-1102540.896,907098.2913,train,3.3806347817433236E-5,5.900779231620357,0.16108113342776587
-682608.8541,1770228.181,train,6.196348586897002E-5,10.868766763002808,0.27525254542827815
-1051782.723,1042607.26,train,5.823088409986093E-5,10.203449689623712,0.2610605132589624
-952287.4195,914193.6479,train,2.5481790600640115E-4,54.731711913383165,0.7339070095101494
-906194.2443,472237.3026,train,3.7190703820674093E-4,82.41778436193177,0.8551776432494118
-1148379.256,891391.0127,train,1.4596567449287627E-5,2.10242313506737,0.07303237520601957
-1014179.974,883041.4816,train,3.4480591249218723E-4,78.01339309838914,0.8332806125376389
-1130112.642,391351.3505,train,2.3325136483524316E-5,3.825466646873583,0.11413084718657784
-584409.789,916135.931,train,3.0054501861064427E-4,67.00691747101797,0.7901757906336615
-1065463.654,306662.5818,train,2.2966770384694586E-4,48.88364819989573,0.6967632029731865
-919095.6238,888168.2243,train,2.8422342643898694E-4,62.29270149692938,0.771606708194233
-72207.4816,-430835.848,train,1.1815445993403128E-4,20.12769518576358,0.4587494012061367
-1250418.261,1685181.218,train,4.039997573356397E-5,7.1118791189654065,0.18933351731216208
-984087.2713,704994.7145,train,3.7244725407534527E-4,82.47514088068667,0.855583545968916
-974835.9128,-253222.1683,train,3.370873613760656E-4,76.07661124035414,0.8264589955976598
-410587.6369,-276391.4314,train,1.9861600792528807E-4,40.78266673364489,0.6436749194251608
-968769.114,26443.0837,train,3.2924342192755394E-4,74.42680117039495,0.8192405416166182
-107319.1978,-430393.515,train,1.147835247343547E-4,19.54539450576124,0.44918658650302723
-954853.619,654922.3291,train,3.272860596409858E-4,73.85980507200605,0.8173929297834959
-580342.9854,140192.6095,train,2.45997815969037E-4,52.74334075725856,0.7214296256659584
-1047387.154,1038973.586,train,5.4443079805472486E-5,9.491024244770811,0.24637445931552926
-464346.5476,355385.7323,train,2.1889152687984138E-4,46.32144593114838,0.6793013928759534
-829438.6328,935383.5239,train,2.2946058909569506E-4,48.82146801913305,0.6964367241956744
-1102277.528,580.0672,train,3.3196828476991585E-4,74.98202012626476,0.8217815346610439
-475292.9587,706078.0147,train,3.51727865434464E-4,79.27225527846116,0.8391698247497036
-674806.3174,1541811.279,train,5.529868016948349E-5,9.675263408140268,0.2497171022206307
-931310.5077,856786.7913,train,2.7704644895971644E-4,60.005303082774205,0.7629295917333443
-52166.6276,128578.4226,train,1.6367601977546194E-4,31.00169728765713,0.5727477520831467
-961658.7416,967334.545,train,2.0744561001043575E-4,42.92137268021694,0.6596518174770731
-686995.774,703219.4905,train,3.494839422943822E-4,78.85108299772018,0.837283841274429
-642923.5477,1726228.255,train,2.6883653065588346E-5,4.5562041982450925,0.13035860095182628
-921669.1177,843031.5131,train,2.8436780260097385E-4,62.34628397571959,0.7717779636043703
-874966.6001,320757.7934,train,1.807550671443655E-4,35.60014714662348,0.6090263404490579
-665672.1004,909808.8131,train,2.3340768399032126E-4,49.61006970956522,0.7025985535746478
-1338562.955,1424876.332,train,1.2145381284859546E-4,20.737796376658885,0.4679483566684305
-979689.0937,1946364.795,train,2.542684031527524E-5,4.235681330974802,0.12375140971679144
-877438.7553,446273.4835,train,3.321033930308616E-4,75.00327255655444,0.8219065923854553
-887792.0499,794899.8299,train,2.975279187090638E-4,66.02565803008834,0.7868608028303639
-484787.6377,832655.7718,train,1.8041477634439637E-4,35.50025383603944,0.6083344935256103
-850217.9881,911248.581,train,2.746218292356024E-4,59.413696598117546,0.7599242931642982
137351.7166,-233496.4329,train,1.2245253099542772E-4,21.00941475875447,0.47070194371324947
-394197.5365,649080.3979,train,2.3502573850927577E-4,49.92798151062447,0.7050882154482703
-618114.4635,1072021.062,train,2.1278813097489632E-4,44.405993987983166,0.6689689991897108
-750188.7098,1016712.834,train,3.881210798775899E-4,84.2072952316011,0.8668777844342015
-993093.0576,-122204.3981,train,3.107908915489523E-4,69.61201102985517,0.8010531849542919
-1307116.89,1429804.493,train,1.8328963807994614E-4,36.48347349589839,0.6141410849574309
-786115.6832,1024992.979,train,2.4743823083102996E-4,53.09055711090215,0.7235065793366353
-425126.5373,-20381.7508,train,1.761126849047888E-4,34.23658715696446,0.5994815861342648
-918823.4946,90809.7798,train,4.160709415891817E-4,86.88246678105415,0.8848709373052017
-544825.5746,870462.1002,train,2.6360228711637634E-4,56.66911127073504,0.7457783612341911
-1040616.39,-49189.6171,train,7.101368052587522E-4,97.43532151383877,0.975016112617578
-477284.852,-20152.3605,train,1.8357106050952702E-4,36.55556236140119,0.6147048499761191
-367774.965,-304776.2774,train,1.0902891289617959E-4,18.319712160068267,0.43246962443633696
-583707.0678,945762.6349,train,1.6330697031551424E-4,30.841596534424852,0.5719277523847413
-946034.9241,779001.0978,train,3.198662194609587E-4,71.97643114771599,0.8102160054816793
-854295.4122,1006841.052,train,3.5799301975340315E-4,80.37226939503348,0.8443206702938247
103319.7348,-493172.0515,train,8.004755736291033E-5,13.648352885587238,0.3402458613501842
-969331.2079,-83604.3645,train,2.894975978076193E-4,63.96038267318823,0.7777801766375391
-1038849.351,-82694.2847,train,1.9247019675036598E-4,38.99465058407944,0.6321136361926699
-822786.8063,378625.8216,train,2.0135311448305531E-4,41.562289570184774,0.6487062414498137
-981652.6504,1632237.165,train,5.8451232337765075E-5,10.239195561777967,0.26190598329895454
80751.9003,-505338.2652,train,7.804793042180153E-5,13.30805108812679,0.33335589097929563
-243548.9802,-151885.9464,train,1.0801087521832595E-4,18.090498159737262,0.429459874962691
-850418.6722,881807.1924,train,2.4617197568820243E-4,52.783435231924344,0.72168157575154
-513497.4628,793767.92,train,2.072204008137599E-4,42.871607765809586,0.6592533508089697
-584703.5547,-138981.5734,train,2.471367981132576E-4,53.004015199703574,0.723073224501952
-552339.9745,-52317.1549,train,1.7561665333118114E-4,34.015670967144366,0.5984480637556111
-585575.0754,675919.5289,train,2.77090214786843E-4,60.01773981233368,0.7629834920665847
-593107.0705,928615.887,train,2.5975294256017176E-4,55.87424480706664,0.7406429210889198
-810324.9934,365781.6012,train,1.831261266086103E-4,36.43377740471448,0.6138131485853026
